-- Airport Map Database Backup
-- Generated: 2026-07-11T20:00:47.198Z
-- Database: test

SET FOREIGN_KEY_CHECKS = 0;

-- ------------------------------------------------------
-- Table structure and data for ap_projects
-- ------------------------------------------------------

DROP TABLE IF EXISTS `ap_projects`;
CREATE TABLE `ap_projects` (
  `id` varchar(100) NOT NULL,
  `name` varchar(200) NOT NULL,
  `logo_url` varchar(500) DEFAULT NULL,
  `created_at` timestamp DEFAULT CURRENT_TIMESTAMP,
  `public_slug` varchar(255) DEFAULT NULL,
  PRIMARY KEY (`id`) /*T![clustered_index] CLUSTERED */,
  UNIQUE KEY `idx_slug` (`public_slug`)
) ENGINE=InnoDB DEFAULT CHARSET=utf8mb4 COLLATE=utf8mb4_bin;

INSERT INTO `ap_projects` (`id`, `name`, `logo_url`, `created_at`, `public_slug`) VALUES ('default', 'Chennai International Airport (MAA)', '', '2026-07-10 13:13:02', 'chennai_indoor_map');
INSERT INTO `ap_projects` (`id`, `name`, `logo_url`, `created_at`, `public_slug`) VALUES ('test', 'hospital', '', '2026-07-10 13:43:16', 'hospital_test');

-- ------------------------------------------------------
-- Table structure and data for ap_users
-- ------------------------------------------------------

DROP TABLE IF EXISTS `ap_users`;
CREATE TABLE `ap_users` (
  `id` varchar(100) NOT NULL,
  `username` varchar(100) NOT NULL,
  `password_hash` varchar(255) NOT NULL,
  `role` varchar(50) DEFAULT 'client',
  `project_id` varchar(100) DEFAULT NULL,
  `created_at` timestamp DEFAULT CURRENT_TIMESTAMP,
  `status` varchar(20) DEFAULT 'active',
  KEY `idx_project` (`project_id`),
  PRIMARY KEY (`id`) /*T![clustered_index] CLUSTERED */,
  UNIQUE KEY `username` (`username`)
) ENGINE=InnoDB DEFAULT CHARSET=utf8mb4 COLLATE=utf8mb4_bin;

INSERT INTO `ap_users` (`id`, `username`, `password_hash`, `role`, `project_id`, `created_at`, `status`) VALUES ('client_1', 'chennai', '$2b$10$6kZBSCFoJ.RL6nMZExTPGeyGjRCBHPnOvhDKUXKR8BJ5yL4WmQN5K', 'client', 'default', '2026-07-10 13:13:02', 'active');
INSERT INTO `ap_users` (`id`, `username`, `password_hash`, `role`, `project_id`, `created_at`, `status`) VALUES ('client_1783710796983', 'hospital', '$2b$10$8YwpMIQYRcu7QRlgtM9eSeUntRFPnHZOybdYOB.SN/5uxB8eeFG1S', 'client', 'test', '2026-07-10 13:43:17', 'active');
INSERT INTO `ap_users` (`id`, `username`, `password_hash`, `role`, `project_id`, `created_at`, `status`) VALUES ('superadmin_1', 'admin', '$2b$10$GfAPMHhndSrCrjdqGovWre0/uY6N2T33ibGmGf5pxrmbhaQtU.UWu', 'superadmin', NULL, '2026-07-10 13:13:02', 'active');

-- ------------------------------------------------------
-- Table structure and data for ap_buildings
-- ------------------------------------------------------

DROP TABLE IF EXISTS `ap_buildings`;
CREATE TABLE `ap_buildings` (
  `id` varchar(100) NOT NULL,
  `project_id` varchar(100) NOT NULL,
  `name` varchar(200) NOT NULL,
  `description` text DEFAULT NULL,
  `created_at` timestamp DEFAULT CURRENT_TIMESTAMP,
  KEY `idx_project` (`project_id`),
  PRIMARY KEY (`id`) /*T![clustered_index] CLUSTERED */
) ENGINE=InnoDB DEFAULT CHARSET=utf8mb4 COLLATE=utf8mb4_bin;

INSERT INTO `ap_buildings` (`id`, `project_id`, `name`, `description`, `created_at`) VALUES ('bldg_1783760342444', 'default', 'Terminal 2', NULL, '2026-07-11 03:29:04');
INSERT INTO `ap_buildings` (`id`, `project_id`, `name`, `description`, `created_at`) VALUES ('bldg_default', 'default', 'Chennai Terminal 1', NULL, '2026-07-10 16:16:25');

-- ------------------------------------------------------
-- Table structure and data for ap_floors
-- ------------------------------------------------------

DROP TABLE IF EXISTS `ap_floors`;
CREATE TABLE `ap_floors` (
  `id` varchar(100) NOT NULL,
  `project_id` varchar(100) DEFAULT 'default',
  `building_id` varchar(100) DEFAULT 'bldg_default',
  `level` varchar(20) NOT NULL,
  `name` varchar(100) NOT NULL,
  `image` longtext DEFAULT NULL,
  `sort_order` int DEFAULT '0',
  PRIMARY KEY (`id`) /*T![clustered_index] CLUSTERED */,
  KEY `idx_building` (`building_id`)
) ENGINE=InnoDB DEFAULT CHARSET=utf8mb4 COLLATE=utf8mb4_bin;

INSERT INTO `ap_floors` (`id`, `project_id`, `building_id`, `level`, `name`, `image`, `sort_order`) VALUES ('2nd_floor_1783497447162', 'default', 'bldg_default', 'L2', '2nd Floor', '/maps/1783497445016_secondfloor.png', 1);
INSERT INTO `ap_floors` (`id`, `project_id`, `building_id`, `level`, `name`, `image`, `sort_order`) VALUES ('flr_1783721693096', 'default', 'bldg_1783721661941', 'L1', 'First floor', NULL, 0);
INSERT INTO `ap_floors` (`id`, `project_id`, `building_id`, `level`, `name`, `image`, `sort_order`) VALUES ('top_floor_1783067083692', 'default', 'bldg_default', 'L6', 'Top Floor', '/maps/1783067532338_livemap.png', 0);

-- ------------------------------------------------------
-- Table structure and data for ap_nodes
-- ------------------------------------------------------

DROP TABLE IF EXISTS `ap_nodes`;
CREATE TABLE `ap_nodes` (
  `id` varchar(200) NOT NULL,
  `project_id` varchar(100) DEFAULT 'default',
  `floor` varchar(100) NOT NULL,
  `x` float NOT NULL,
  `y` float NOT NULL,
  `name` varchar(200) NOT NULL,
  `category` varchar(100) DEFAULT NULL,
  `type` varchar(100) DEFAULT NULL,
  `description` text DEFAULT NULL,
  `status` varchar(100) DEFAULT 'Open',
  `image_url` varchar(500) DEFAULT NULL,
  `is_custom` tinyint(1) DEFAULT '1',
  `created_at` timestamp DEFAULT CURRENT_TIMESTAMP,
  KEY `idx_floor` (`floor`),
  PRIMARY KEY (`id`) /*T![clustered_index] CLUSTERED */,
  KEY `idx_project` (`project_id`)
) ENGINE=InnoDB DEFAULT CHARSET=utf8mb4 COLLATE=utf8mb4_bin;

INSERT INTO `ap_nodes` (`id`, `project_id`, `floor`, `x`, `y`, `name`, `category`, `type`, `description`, `status`, `image_url`, `is_custom`, `created_at`) VALUES ('2nd_floor_1783497447162_burger_king_1783499883769', 'default', '2nd_floor_1783497447162', 373, 414, 'Burger King', 'restaurant', 'restaurant', '', 'Open', NULL, 1, '2026-07-10 16:15:55');
INSERT INTO `ap_nodes` (`id`, `project_id`, `floor`, `x`, `y`, `name`, `category`, `type`, `description`, `status`, `image_url`, `is_custom`, `created_at`) VALUES ('2nd_floor_1783497447162_elevator_1783499677954', 'default', '2nd_floor_1783497447162', 290, 168, 'Elevator 1', 'lift', 'lift', '', 'Open', NULL, 1, '2026-07-10 16:15:54');
INSERT INTO `ap_nodes` (`id`, `project_id`, `floor`, `x`, `y`, `name`, `category`, `type`, `description`, `status`, `image_url`, `is_custom`, `created_at`) VALUES ('2nd_floor_1783497447162_elevator_1783499700515', 'default', '2nd_floor_1783497447162', 250, 415, 'Elevator', 'lift', 'lift', '', 'Open', NULL, 1, '2026-07-10 16:15:54');
INSERT INTO `ap_nodes` (`id`, `project_id`, `floor`, `x`, `y`, `name`, `category`, `type`, `description`, `status`, `image_url`, `is_custom`, `created_at`) VALUES ('2nd_floor_1783497447162_elevator_1783499713952', 'default', '2nd_floor_1783497447162', 711, 174, 'Elevator 2', 'lift', 'lift', '', 'Open', NULL, 1, '2026-07-10 16:15:54');
INSERT INTO `ap_nodes` (`id`, `project_id`, `floor`, `x`, `y`, `name`, `category`, `type`, `description`, `status`, `image_url`, `is_custom`, `created_at`) VALUES ('2nd_floor_1783497447162_elevator_1783499752654', 'default', '2nd_floor_1783497447162', 748, 417, 'Elevator', 'lift', 'lift', '', 'Open', NULL, 1, '2026-07-10 16:15:54');
INSERT INTO `ap_nodes` (`id`, `project_id`, `floor`, `x`, `y`, `name`, `category`, `type`, `description`, `status`, `image_url`, `is_custom`, `created_at`) VALUES ('2nd_floor_1783497447162_escalator_1_1783500255656', 'default', '2nd_floor_1783497447162', 332, 131, 'Escalator 1', 'escalator', 'escalator', '', 'Open', NULL, 1, '2026-07-10 16:15:55');
INSERT INTO `ap_nodes` (`id`, `project_id`, `floor`, `x`, `y`, `name`, `category`, `type`, `description`, `status`, `image_url`, `is_custom`, `created_at`) VALUES ('2nd_floor_1783497447162_escalator_2_1783500268279', 'default', '2nd_floor_1783497447162', 652, 128, 'Escalator 2', 'escalator', 'escalator', '', 'Open', NULL, 1, '2026-07-10 16:15:56');
INSERT INTO `ap_nodes` (`id`, `project_id`, `floor`, `x`, `y`, `name`, `category`, `type`, `description`, `status`, `image_url`, `is_custom`, `created_at`) VALUES ('2nd_floor_1783497447162_escalator_3_1783500279746', 'default', '2nd_floor_1783497447162', 311, 265, 'Escalator 3', 'escalator', 'escalator', '', 'Open', NULL, 1, '2026-07-10 16:15:56');
INSERT INTO `ap_nodes` (`id`, `project_id`, `floor`, `x`, `y`, `name`, `category`, `type`, `description`, `status`, `image_url`, `is_custom`, `created_at`) VALUES ('2nd_floor_1783497447162_escalator_4_1783500292256', 'default', '2nd_floor_1783497447162', 632, 262, 'Escalator 4', 'escalator', 'escalator', '', 'Open', NULL, 1, '2026-07-10 16:15:56');
INSERT INTO `ap_nodes` (`id`, `project_id`, `floor`, `x`, `y`, `name`, `category`, `type`, `description`, `status`, `image_url`, `is_custom`, `created_at`) VALUES ('2nd_floor_1783497447162_escalator_5_1783500330246', 'default', '2nd_floor_1783497447162', 694, 274, 'Escalator 5', 'escalator', 'escalator', '', 'Open', NULL, 1, '2026-07-10 16:15:56');
INSERT INTO `ap_nodes` (`id`, `project_id`, `floor`, `x`, `y`, `name`, `category`, `type`, `description`, `status`, `image_url`, `is_custom`, `created_at`) VALUES ('2nd_floor_1783497447162_gate_1_1783499412043', 'default', '2nd_floor_1783497447162', 190, 42, 'Gate 1', 'gate', 'gate', '', 'Open', NULL, 1, '2026-07-10 16:15:53');
INSERT INTO `ap_nodes` (`id`, `project_id`, `floor`, `x`, `y`, `name`, `category`, `type`, `description`, `status`, `image_url`, `is_custom`, `created_at`) VALUES ('2nd_floor_1783497447162_gate_2_1783499425747', 'default', '2nd_floor_1783497447162', 313, 39, 'Gate 2', 'gate', 'gate', '', 'Open', NULL, 1, '2026-07-10 16:15:53');
INSERT INTO `ap_nodes` (`id`, `project_id`, `floor`, `x`, `y`, `name`, `category`, `type`, `description`, `status`, `image_url`, `is_custom`, `created_at`) VALUES ('2nd_floor_1783497447162_gate_3_1783499436518', 'default', '2nd_floor_1783497447162', 462, 38, 'Gate 3', 'gate', 'gate', '', 'Open', NULL, 1, '2026-07-10 16:15:53');
INSERT INTO `ap_nodes` (`id`, `project_id`, `floor`, `x`, `y`, `name`, `category`, `type`, `description`, `status`, `image_url`, `is_custom`, `created_at`) VALUES ('2nd_floor_1783497447162_gate_4_1783499449482', 'default', '2nd_floor_1783497447162', 596, 33, 'Gate 4', 'gate', 'gate', '', 'Open', NULL, 1, '2026-07-10 16:15:54');
INSERT INTO `ap_nodes` (`id`, `project_id`, `floor`, `x`, `y`, `name`, `category`, `type`, `description`, `status`, `image_url`, `is_custom`, `created_at`) VALUES ('2nd_floor_1783497447162_gate_5_1783499461933', 'default', '2nd_floor_1783497447162', 738, 36, 'Gate 5', 'gate', 'gate', '', 'Open', NULL, 1, '2026-07-10 16:15:54');
INSERT INTO `ap_nodes` (`id`, `project_id`, `floor`, `x`, `y`, `name`, `category`, `type`, `description`, `status`, `image_url`, `is_custom`, `created_at`) VALUES ('2nd_floor_1783497447162_gate_6_1783499483847', 'default', '2nd_floor_1783497447162', 876, 35, 'Gate 6', 'gate', 'gate', '', 'Open', NULL, 1, '2026-07-10 16:15:54');
INSERT INTO `ap_nodes` (`id`, `project_id`, `floor`, `x`, `y`, `name`, `category`, `type`, `description`, `status`, `image_url`, `is_custom`, `created_at`) VALUES ('2nd_floor_1783497447162_my_bar_1783499540378', 'default', '2nd_floor_1783497447162', 149, 254, 'Boat', 'shopping', 'shopping', '', 'Open', NULL, 1, '2026-07-10 16:15:54');
INSERT INTO `ap_nodes` (`id`, `project_id`, `floor`, `x`, `y`, `name`, `category`, `type`, `description`, `status`, `image_url`, `is_custom`, `created_at`) VALUES ('2nd_floor_1783497447162_n10_1783498688346', 'default', '2nd_floor_1783497447162', 295, 382, 'N10', 'waypoint', 'waypoint', '', 'Open', NULL, 1, '2026-07-10 16:15:51');
INSERT INTO `ap_nodes` (`id`, `project_id`, `floor`, `x`, `y`, `name`, `category`, `type`, `description`, `status`, `image_url`, `is_custom`, `created_at`) VALUES ('2nd_floor_1783497447162_n11_1783498698068', 'default', '2nd_floor_1783497447162', 327, 377, 'N11', 'waypoint', 'waypoint', '', 'Open', NULL, 1, '2026-07-10 16:15:51');
INSERT INTO `ap_nodes` (`id`, `project_id`, `floor`, `x`, `y`, `name`, `category`, `type`, `description`, `status`, `image_url`, `is_custom`, `created_at`) VALUES ('2nd_floor_1783497447162_n12_1783498717058', 'default', '2nd_floor_1783497447162', 501, 376, 'N12', 'waypoint', 'waypoint', '', 'Open', NULL, 1, '2026-07-10 16:15:51');
INSERT INTO `ap_nodes` (`id`, `project_id`, `floor`, `x`, `y`, `name`, `category`, `type`, `description`, `status`, `image_url`, `is_custom`, `created_at`) VALUES ('2nd_floor_1783497447162_n13_1783498729200', 'default', '2nd_floor_1783497447162', 670, 375, 'N13', 'waypoint', 'waypoint', '', 'Open', NULL, 1, '2026-07-10 16:15:51');
INSERT INTO `ap_nodes` (`id`, `project_id`, `floor`, `x`, `y`, `name`, `category`, `type`, `description`, `status`, `image_url`, `is_custom`, `created_at`) VALUES ('2nd_floor_1783497447162_n14_1783498744128', 'default', '2nd_floor_1783497447162', 697, 383, 'N14', 'waypoint', 'waypoint', '', 'Open', NULL, 1, '2026-07-10 16:15:51');
INSERT INTO `ap_nodes` (`id`, `project_id`, `floor`, `x`, `y`, `name`, `category`, `type`, `description`, `status`, `image_url`, `is_custom`, `created_at`) VALUES ('2nd_floor_1783497447162_n15_1783498792962', 'default', '2nd_floor_1783497447162', 723, 370, 'N15', 'waypoint', 'waypoint', '', 'Open', NULL, 1, '2026-07-10 16:15:51');
INSERT INTO `ap_nodes` (`id`, `project_id`, `floor`, `x`, `y`, `name`, `category`, `type`, `description`, `status`, `image_url`, `is_custom`, `created_at`) VALUES ('2nd_floor_1783497447162_n16_1783498816069', 'default', '2nd_floor_1783497447162', 923, 468, 'N16', 'waypoint', 'waypoint', '', 'Open', NULL, 1, '2026-07-10 16:15:51');
INSERT INTO `ap_nodes` (`id`, `project_id`, `floor`, `x`, `y`, `name`, `category`, `type`, `description`, `status`, `image_url`, `is_custom`, `created_at`) VALUES ('2nd_floor_1783497447162_n17_1783498828406', 'default', '2nd_floor_1783497447162', 906, 369, 'N17', 'waypoint', 'waypoint', '', 'Open', NULL, 1, '2026-07-10 16:15:52');
INSERT INTO `ap_nodes` (`id`, `project_id`, `floor`, `x`, `y`, `name`, `category`, `type`, `description`, `status`, `image_url`, `is_custom`, `created_at`) VALUES ('2nd_floor_1783497447162_n18_1783498849860', 'default', '2nd_floor_1783497447162', 885, 238, 'N18', 'waypoint', 'waypoint', '', 'Open', NULL, 1, '2026-07-10 16:15:52');
INSERT INTO `ap_nodes` (`id`, `project_id`, `floor`, `x`, `y`, `name`, `category`, `type`, `description`, `status`, `image_url`, `is_custom`, `created_at`) VALUES ('2nd_floor_1783497447162_n19_1783498866188', 'default', '2nd_floor_1783497447162', 710, 223, 'N19', 'waypoint', 'waypoint', '', 'Open', NULL, 1, '2026-07-10 16:15:52');
INSERT INTO `ap_nodes` (`id`, `project_id`, `floor`, `x`, `y`, `name`, `category`, `type`, `description`, `status`, `image_url`, `is_custom`, `created_at`) VALUES ('2nd_floor_1783497447162_n1_1783498461028', 'default', '2nd_floor_1783497447162', 281, 542, 'N1', 'waypoint', 'waypoint', '', 'Open', NULL, 1, '2026-07-10 16:15:50');
INSERT INTO `ap_nodes` (`id`, `project_id`, `floor`, `x`, `y`, `name`, `category`, `type`, `description`, `status`, `image_url`, `is_custom`, `created_at`) VALUES ('2nd_floor_1783497447162_n20_1783498877483', 'default', '2nd_floor_1783497447162', 662, 242, 'N20', 'waypoint', 'waypoint', '', 'Open', NULL, 1, '2026-07-10 16:15:52');
INSERT INTO `ap_nodes` (`id`, `project_id`, `floor`, `x`, `y`, `name`, `category`, `type`, `description`, `status`, `image_url`, `is_custom`, `created_at`) VALUES ('2nd_floor_1783497447162_n21_1783498894525', 'default', '2nd_floor_1783497447162', 501, 246, 'N21', 'waypoint', 'waypoint', '', 'Open', NULL, 1, '2026-07-10 16:15:52');
INSERT INTO `ap_nodes` (`id`, `project_id`, `floor`, `x`, `y`, `name`, `category`, `type`, `description`, `status`, `image_url`, `is_custom`, `created_at`) VALUES ('2nd_floor_1783497447162_n22_1783498904758', 'default', '2nd_floor_1783497447162', 342, 244, 'N22', 'waypoint', 'waypoint', '', 'Open', NULL, 1, '2026-07-10 16:15:52');
INSERT INTO `ap_nodes` (`id`, `project_id`, `floor`, `x`, `y`, `name`, `category`, `type`, `description`, `status`, `image_url`, `is_custom`, `created_at`) VALUES ('2nd_floor_1783497447162_n23_1783498915564', 'default', '2nd_floor_1783497447162', 316, 234, 'N23', 'waypoint', 'waypoint', '', 'Open', NULL, 1, '2026-07-10 16:15:52');
INSERT INTO `ap_nodes` (`id`, `project_id`, `floor`, `x`, `y`, `name`, `category`, `type`, `description`, `status`, `image_url`, `is_custom`, `created_at`) VALUES ('2nd_floor_1783497447162_n24_1783498927080', 'default', '2nd_floor_1783497447162', 300, 225, 'N24', 'waypoint', 'waypoint', '', 'Open', NULL, 1, '2026-07-10 16:15:52');
INSERT INTO `ap_nodes` (`id`, `project_id`, `floor`, `x`, `y`, `name`, `category`, `type`, `description`, `status`, `image_url`, `is_custom`, `created_at`) VALUES ('2nd_floor_1783497447162_n25_1783498946283', 'default', '2nd_floor_1783497447162', 118, 235, 'N25', 'waypoint', 'waypoint', '', 'Open', NULL, 1, '2026-07-10 16:15:52');
INSERT INTO `ap_nodes` (`id`, `project_id`, `floor`, `x`, `y`, `name`, `category`, `type`, `description`, `status`, `image_url`, `is_custom`, `created_at`) VALUES ('2nd_floor_1783497447162_n26_1783498962018', 'default', '2nd_floor_1783497447162', 143, 112, 'N26', 'waypoint', 'waypoint', '', 'Open', NULL, 1, '2026-07-10 16:15:52');
INSERT INTO `ap_nodes` (`id`, `project_id`, `floor`, `x`, `y`, `name`, `category`, `type`, `description`, `status`, `image_url`, `is_custom`, `created_at`) VALUES ('2nd_floor_1783497447162_n27_1783498974588', 'default', '2nd_floor_1783497447162', 272, 113, 'N27', 'waypoint', 'waypoint', '', 'Open', NULL, 1, '2026-07-10 16:15:52');
INSERT INTO `ap_nodes` (`id`, `project_id`, `floor`, `x`, `y`, `name`, `category`, `type`, `description`, `status`, `image_url`, `is_custom`, `created_at`) VALUES ('2nd_floor_1783497447162_n28_1783498990222', 'default', '2nd_floor_1783497447162', 314, 114, 'N28', 'waypoint', 'waypoint', '', 'Open', NULL, 1, '2026-07-10 16:15:53');
INSERT INTO `ap_nodes` (`id`, `project_id`, `floor`, `x`, `y`, `name`, `category`, `type`, `description`, `status`, `image_url`, `is_custom`, `created_at`) VALUES ('2nd_floor_1783497447162_n29_1783499001822', 'default', '2nd_floor_1783497447162', 419, 112, 'N29', 'waypoint', 'waypoint', '', 'Open', NULL, 1, '2026-07-10 16:15:53');
INSERT INTO `ap_nodes` (`id`, `project_id`, `floor`, `x`, `y`, `name`, `category`, `type`, `description`, `status`, `image_url`, `is_custom`, `created_at`) VALUES ('2nd_floor_1783497447162_n2_1783498560507', 'default', '2nd_floor_1783497447162', 707, 545, 'N2', 'waypoint', 'waypoint', '', 'Open', NULL, 1, '2026-07-10 16:15:50');
INSERT INTO `ap_nodes` (`id`, `project_id`, `floor`, `x`, `y`, `name`, `category`, `type`, `description`, `status`, `image_url`, `is_custom`, `created_at`) VALUES ('2nd_floor_1783497447162_n30_1783499013721', 'default', '2nd_floor_1783497447162', 557, 115, 'N30', 'waypoint', 'waypoint', '', 'Open', NULL, 1, '2026-07-10 16:15:53');
INSERT INTO `ap_nodes` (`id`, `project_id`, `floor`, `x`, `y`, `name`, `category`, `type`, `description`, `status`, `image_url`, `is_custom`, `created_at`) VALUES ('2nd_floor_1783497447162_n31_1783499033734', 'default', '2nd_floor_1783497447162', 699, 113, 'N31', 'waypoint', 'waypoint', '', 'Open', NULL, 1, '2026-07-10 16:15:53');
INSERT INTO `ap_nodes` (`id`, `project_id`, `floor`, `x`, `y`, `name`, `category`, `type`, `description`, `status`, `image_url`, `is_custom`, `created_at`) VALUES ('2nd_floor_1783497447162_n32_1783499044321', 'default', '2nd_floor_1783497447162', 839, 116, 'N32', 'waypoint', 'waypoint', '', 'Open', NULL, 1, '2026-07-10 16:15:53');
INSERT INTO `ap_nodes` (`id`, `project_id`, `floor`, `x`, `y`, `name`, `category`, `type`, `description`, `status`, `image_url`, `is_custom`, `created_at`) VALUES ('2nd_floor_1783497447162_n33_1783499055851', 'default', '2nd_floor_1783497447162', 870, 114, 'N33', 'waypoint', 'waypoint', '', 'Open', NULL, 1, '2026-07-10 16:15:53');
INSERT INTO `ap_nodes` (`id`, `project_id`, `floor`, `x`, `y`, `name`, `category`, `type`, `description`, `status`, `image_url`, `is_custom`, `created_at`) VALUES ('2nd_floor_1783497447162_n34_1783499245545', 'default', '2nd_floor_1783497447162', 215, 226, 'N34', 'waypoint', 'waypoint', '', 'Open', NULL, 1, '2026-07-10 16:15:53');
INSERT INTO `ap_nodes` (`id`, `project_id`, `floor`, `x`, `y`, `name`, `category`, `type`, `description`, `status`, `image_url`, `is_custom`, `created_at`) VALUES ('2nd_floor_1783497447162_n35_1783499290662', 'default', '2nd_floor_1783497447162', 690, 257, 'N35', 'waypoint', 'waypoint', '', 'Open', NULL, 1, '2026-07-10 16:15:53');
INSERT INTO `ap_nodes` (`id`, `project_id`, `floor`, `x`, `y`, `name`, `category`, `type`, `description`, `status`, `image_url`, `is_custom`, `created_at`) VALUES ('2nd_floor_1783497447162_n3_1783498585913', 'default', '2nd_floor_1783497447162', 701, 470, 'N3', 'waypoint', 'waypoint', '', 'Open', NULL, 1, '2026-07-10 16:15:50');
INSERT INTO `ap_nodes` (`id`, `project_id`, `floor`, `x`, `y`, `name`, `category`, `type`, `description`, `status`, `image_url`, `is_custom`, `created_at`) VALUES ('2nd_floor_1783497447162_n4_1783498606563', 'default', '2nd_floor_1783497447162', 660, 464, 'N4', 'waypoint', 'waypoint', '', 'Open', NULL, 1, '2026-07-10 16:15:50');
INSERT INTO `ap_nodes` (`id`, `project_id`, `floor`, `x`, `y`, `name`, `category`, `type`, `description`, `status`, `image_url`, `is_custom`, `created_at`) VALUES ('2nd_floor_1783497447162_n5_1783498620483', 'default', '2nd_floor_1783497447162', 332, 463, 'N5', 'waypoint', 'waypoint', '', 'Open', NULL, 1, '2026-07-10 16:15:51');
INSERT INTO `ap_nodes` (`id`, `project_id`, `floor`, `x`, `y`, `name`, `category`, `type`, `description`, `status`, `image_url`, `is_custom`, `created_at`) VALUES ('2nd_floor_1783497447162_n6_1783498632102', 'default', '2nd_floor_1783497447162', 292, 468, 'N6', 'waypoint', 'waypoint', '', 'Open', NULL, 1, '2026-07-10 16:15:51');
INSERT INTO `ap_nodes` (`id`, `project_id`, `floor`, `x`, `y`, `name`, `category`, `type`, `description`, `status`, `image_url`, `is_custom`, `created_at`) VALUES ('2nd_floor_1783497447162_n7_1783498645169', 'default', '2nd_floor_1783497447162', 71, 464, 'N7', 'waypoint', 'waypoint', '', 'Open', NULL, 1, '2026-07-10 16:15:51');
INSERT INTO `ap_nodes` (`id`, `project_id`, `floor`, `x`, `y`, `name`, `category`, `type`, `description`, `status`, `image_url`, `is_custom`, `created_at`) VALUES ('2nd_floor_1783497447162_n8_1783498657817', 'default', '2nd_floor_1783497447162', 93, 370, 'N8', 'waypoint', 'waypoint', '', 'Open', NULL, 1, '2026-07-10 16:15:51');
INSERT INTO `ap_nodes` (`id`, `project_id`, `floor`, `x`, `y`, `name`, `category`, `type`, `description`, `status`, `image_url`, `is_custom`, `created_at`) VALUES ('2nd_floor_1783497447162_n9_1783498673309', 'default', '2nd_floor_1783497447162', 278, 369, 'N9', 'waypoint', 'waypoint', '', 'Open', NULL, 1, '2026-07-10 16:15:51');
INSERT INTO `ap_nodes` (`id`, `project_id`, `floor`, `x`, `y`, `name`, `category`, `type`, `description`, `status`, `image_url`, `is_custom`, `created_at`) VALUES ('2nd_floor_1783497447162_prayer_room_1783499844151', 'default', '2nd_floor_1783497447162', 763, 269, 'Prayer Room', 'prayer', 'prayer', '', 'Open', NULL, 1, '2026-07-10 16:15:54');
INSERT INTO `ap_nodes` (`id`, `project_id`, `floor`, `x`, `y`, `name`, `category`, `type`, `description`, `status`, `image_url`, `is_custom`, `created_at`) VALUES ('top_floor_1783067083692_baggage_claim_1783070921253', 'default', 'top_floor_1783067083692', 215, 433, 'Baggage Claim 1', 'baggage', 'baggage', '', 'Open', NULL, 1, '2026-07-10 16:15:48');
INSERT INTO `ap_nodes` (`id`, `project_id`, `floor`, `x`, `y`, `name`, `category`, `type`, `description`, `status`, `image_url`, `is_custom`, `created_at`) VALUES ('top_floor_1783067083692_baggage_claim_2_1783070975771', 'default', 'top_floor_1783067083692', 784, 427, 'Baggage Claim 2', 'baggage', 'baggage', '', 'Open', NULL, 1, '2026-07-10 16:15:48');
INSERT INTO `ap_nodes` (`id`, `project_id`, `floor`, `x`, `y`, `name`, `category`, `type`, `description`, `status`, `image_url`, `is_custom`, `created_at`) VALUES ('top_floor_1783067083692_cafe_coffee_day_1783070220884', 'default', 'top_floor_1783067083692', 257, 286, 'Cafe Coffee Day', 'cafe', 'cafe', '', 'Open', '/poi-images/1783070220831_coffeeshop.jpg', 1, '2026-07-10 16:15:47');
INSERT INTO `ap_nodes` (`id`, `project_id`, `floor`, `x`, `y`, `name`, `category`, `type`, `description`, `status`, `image_url`, `is_custom`, `created_at`) VALUES ('top_floor_1783067083692_cafe_zone_2_1783071351493', 'default', 'top_floor_1783067083692', 755, 287, 'Cafe Zone 2', 'cafe', 'cafe', '', 'Open', NULL, 1, '2026-07-10 16:15:48');
INSERT INTO `ap_nodes` (`id`, `project_id`, `floor`, `x`, `y`, `name`, `category`, `type`, `description`, `status`, `image_url`, `is_custom`, `created_at`) VALUES ('top_floor_1783067083692_chanel_1783071185781', 'default', 'top_floor_1783067083692', 499, 453, 'Chanel', 'shopping', 'shopping', '', 'Open', '/poi-images/1783071185771_perfume.png', 1, '2026-07-10 16:15:48');
INSERT INTO `ap_nodes` (`id`, `project_id`, `floor`, `x`, `y`, `name`, `category`, `type`, `description`, `status`, `image_url`, `is_custom`, `created_at`) VALUES ('top_floor_1783067083692_checkin_counters_1783071562812', 'default', 'top_floor_1783067083692', 503, 152, 'Check-IN Counters', 'checkin', 'checkin', '', 'Open', NULL, 1, '2026-07-10 16:15:49');
INSERT INTO `ap_nodes` (`id`, `project_id`, `floor`, `x`, `y`, `name`, `category`, `type`, `description`, `status`, `image_url`, `is_custom`, `created_at`) VALUES ('top_floor_1783067083692_elevator_1783499945953', 'default', 'top_floor_1783067083692', 361, 163, 'Elevator 1', 'lift', 'lift', '', 'Open', NULL, 1, '2026-07-10 16:15:55');
INSERT INTO `ap_nodes` (`id`, `project_id`, `floor`, `x`, `y`, `name`, `category`, `type`, `description`, `status`, `image_url`, `is_custom`, `created_at`) VALUES ('top_floor_1783067083692_elevator_1783499956112', 'default', 'top_floor_1783067083692', 649, 159, 'Elevator 2', 'lift', 'lift', '', 'Open', NULL, 1, '2026-07-10 16:15:55');
INSERT INTO `ap_nodes` (`id`, `project_id`, `floor`, `x`, `y`, `name`, `category`, `type`, `description`, `status`, `image_url`, `is_custom`, `created_at`) VALUES ('top_floor_1783067083692_entrance_1783075919818', 'default', 'top_floor_1783067083692', 503, 543, 'Entrance', 'gate', 'gate', '', 'Open', NULL, 1, '2026-07-10 16:15:50');
INSERT INTO `ap_nodes` (`id`, `project_id`, `floor`, `x`, `y`, `name`, `category`, `type`, `description`, `status`, `image_url`, `is_custom`, `created_at`) VALUES ('top_floor_1783067083692_escalator_1783500012407', 'default', 'top_floor_1783067083692', 406, 141, 'Escalator', 'escalator', 'escalator', '', 'Open', NULL, 1, '2026-07-10 16:15:55');
INSERT INTO `ap_nodes` (`id`, `project_id`, `floor`, `x`, `y`, `name`, `category`, `type`, `description`, `status`, `image_url`, `is_custom`, `created_at`) VALUES ('top_floor_1783067083692_escalator_1783500025764', 'default', 'top_floor_1783067083692', 602, 142, 'Escalator 2', 'escalator', 'escalator', '', 'Open', NULL, 1, '2026-07-10 16:15:55');
INSERT INTO `ap_nodes` (`id`, `project_id`, `floor`, `x`, `y`, `name`, `category`, `type`, `description`, `status`, `image_url`, `is_custom`, `created_at`) VALUES ('top_floor_1783067083692_escalator_3_1783500187870', 'default', 'top_floor_1783067083692', 386, 267, 'Escalator 3', 'escalator', 'escalator', '', 'Open', NULL, 1, '2026-07-10 16:15:55');
INSERT INTO `ap_nodes` (`id`, `project_id`, `floor`, `x`, `y`, `name`, `category`, `type`, `description`, `status`, `image_url`, `is_custom`, `created_at`) VALUES ('top_floor_1783067083692_escalator_4_1783500201203', 'default', 'top_floor_1783067083692', 620, 268, 'Escalator 4', 'escalator', 'escalator', '', 'Open', NULL, 1, '2026-07-10 16:15:55');
INSERT INTO `ap_nodes` (`id`, `project_id`, `floor`, `x`, `y`, `name`, `category`, `type`, `description`, `status`, `image_url`, `is_custom`, `created_at`) VALUES ('top_floor_1783067083692_exit_gate_1783075843053', 'default', 'top_floor_1783067083692', 187, 545, 'Exit Gate', 'gate', 'gate', '', 'Open', NULL, 1, '2026-07-10 16:15:50');
INSERT INTO `ap_nodes` (`id`, `project_id`, `floor`, `x`, `y`, `name`, `category`, `type`, `description`, `status`, `image_url`, `is_custom`, `created_at`) VALUES ('top_floor_1783067083692_exit_gate_2_1783075954397', 'default', 'top_floor_1783067083692', 824, 548, 'Exit Gate 2', 'gate', 'gate', '', 'Open', NULL, 1, '2026-07-10 16:15:50');
INSERT INTO `ap_nodes` (`id`, `project_id`, `floor`, `x`, `y`, `name`, `category`, `type`, `description`, `status`, `image_url`, `is_custom`, `created_at`) VALUES ('top_floor_1783067083692_food_court_1783071043897', 'default', 'top_floor_1783067083692', 386, 458, 'Food Court', 'restaurant', 'restaurant', '', 'Open', NULL, 1, '2026-07-10 16:15:48');
INSERT INTO `ap_nodes` (`id`, `project_id`, `floor`, `x`, `y`, `name`, `category`, `type`, `description`, `status`, `image_url`, `is_custom`, `created_at`) VALUES ('top_floor_1783067083692_gate_1_1783067694452', 'default', 'top_floor_1783067083692', 842, 33, 'GATE 1', 'gate', 'gate', '', 'Open', NULL, 1, '2026-07-10 16:15:44');
INSERT INTO `ap_nodes` (`id`, `project_id`, `floor`, `x`, `y`, `name`, `category`, `type`, `description`, `status`, `image_url`, `is_custom`, `created_at`) VALUES ('top_floor_1783067083692_gate_2_1783067714532', 'default', 'top_floor_1783067083692', 727, 35, 'GATE 2', 'gate', 'gate', '', 'Open', NULL, 1, '2026-07-10 16:15:44');
INSERT INTO `ap_nodes` (`id`, `project_id`, `floor`, `x`, `y`, `name`, `category`, `type`, `description`, `status`, `image_url`, `is_custom`, `created_at`) VALUES ('top_floor_1783067083692_gate_3_1783067729521', 'default', 'top_floor_1783067083692', 594, 32, 'GATE 3', 'gate', 'gate', '', 'Open', NULL, 1, '2026-07-10 16:15:44');
INSERT INTO `ap_nodes` (`id`, `project_id`, `floor`, `x`, `y`, `name`, `category`, `type`, `description`, `status`, `image_url`, `is_custom`, `created_at`) VALUES ('top_floor_1783067083692_gate_4_1783067747888', 'default', 'top_floor_1783067083692', 474, 31, 'Gate 4', 'gate', 'gate', '', 'Open', NULL, 1, '2026-07-10 16:15:44');
INSERT INTO `ap_nodes` (`id`, `project_id`, `floor`, `x`, `y`, `name`, `category`, `type`, `description`, `status`, `image_url`, `is_custom`, `created_at`) VALUES ('top_floor_1783067083692_gate_5_1783067777314', 'default', 'top_floor_1783067083692', 344, 30, 'GATE 5', 'gate', 'gate', '', 'Open', NULL, 1, '2026-07-10 16:15:44');
INSERT INTO `ap_nodes` (`id`, `project_id`, `floor`, `x`, `y`, `name`, `category`, `type`, `description`, `status`, `image_url`, `is_custom`, `created_at`) VALUES ('top_floor_1783067083692_gate_6_1783067832453', 'default', 'top_floor_1783067083692', 215, 29, 'GATE 6', 'gate', 'gate', '', 'Open', NULL, 1, '2026-07-10 16:15:44');
INSERT INTO `ap_nodes` (`id`, `project_id`, `floor`, `x`, `y`, `name`, `category`, `type`, `description`, `status`, `image_url`, `is_custom`, `created_at`) VALUES ('top_floor_1783067083692_kfc_1783071064397', 'default', 'top_floor_1783067083692', 617, 460, 'KFC', 'restaurant', 'restaurant', '', 'Open', NULL, 1, '2026-07-10 16:15:48');
INSERT INTO `ap_nodes` (`id`, `project_id`, `floor`, `x`, `y`, `name`, `category`, `type`, `description`, `status`, `image_url`, `is_custom`, `created_at`) VALUES ('top_floor_1783067083692_lounge_zone_1_1783071592351', 'default', 'top_floor_1783067083692', 86, 120, 'Lounge Zone 1', 'lounge', 'lounge', '', 'Open', NULL, 1, '2026-07-10 16:15:49');
INSERT INTO `ap_nodes` (`id`, `project_id`, `floor`, `x`, `y`, `name`, `category`, `type`, `description`, `status`, `image_url`, `is_custom`, `created_at`) VALUES ('top_floor_1783067083692_lounge_zone_2_1783071620900', 'default', 'top_floor_1783067083692', 926, 120, 'Lounge Zone 2', 'lounge', 'lounge', '', 'Open', NULL, 1, '2026-07-10 16:15:49');
INSERT INTO `ap_nodes` (`id`, `project_id`, `floor`, `x`, `y`, `name`, `category`, `type`, `description`, `status`, `image_url`, `is_custom`, `created_at`) VALUES ('top_floor_1783067083692_medical_1783069621489', 'default', 'top_floor_1783067083692', 856, 193, 'Medical Room 2', 'medical', 'medical', '', 'Open', '/poi-images/1783069621485_medical.png', 1, '2026-07-10 16:15:47');
INSERT INTO `ap_nodes` (`id`, `project_id`, `floor`, `x`, `y`, `name`, `category`, `type`, `description`, `status`, `image_url`, `is_custom`, `created_at`) VALUES ('top_floor_1783067083692_medical_room_1_1783069793838', 'default', 'top_floor_1783067083692', 160, 188, 'Medical Room 1', 'medical', 'medical', '', 'Open', '/poi-images/1783069793829_medical.png', 1, '2026-07-10 16:15:47');
INSERT INTO `ap_nodes` (`id`, `project_id`, `floor`, `x`, `y`, `name`, `category`, `type`, `description`, `status`, `image_url`, `is_custom`, `created_at`) VALUES ('top_floor_1783067083692_prayer_room_1783070165444', 'default', 'top_floor_1783067083692', 154, 300, 'Prayer Room', 'prayer', 'prayer', '', 'Open', '/poi-images/1783070165433_prayerroom.png', 1, '2026-07-10 16:15:47');
INSERT INTO `ap_nodes` (`id`, `project_id`, `floor`, `x`, `y`, `name`, `category`, `type`, `description`, `status`, `image_url`, `is_custom`, `created_at`) VALUES ('top_floor_1783067083692_prayer_room_zone_2_1783071486379', 'default', 'top_floor_1783067083692', 859, 305, 'Prayer Room Zone 2', 'prayer', 'prayer', '', 'Open', NULL, 1, '2026-07-10 16:15:49');
INSERT INTO `ap_nodes` (`id`, `project_id`, `floor`, `x`, `y`, `name`, `category`, `type`, `description`, `status`, `image_url`, `is_custom`, `created_at`) VALUES ('top_floor_1783067083692_restroom_1783069954505', 'default', 'top_floor_1783067083692', 156, 256, 'Restroom', 'washroom', 'washroom', '', 'Open', '/poi-images/1783069954502_room.png', 1, '2026-07-10 16:15:47');
INSERT INTO `ap_nodes` (`id`, `project_id`, `floor`, `x`, `y`, `name`, `category`, `type`, `description`, `status`, `image_url`, `is_custom`, `created_at`) VALUES ('top_floor_1783067083692_restroom_zone_2_1783071462210', 'default', 'top_floor_1783067083692', 860, 256, 'Restroom Zone 2', 'washroom', 'washroom', '', 'Open', NULL, 1, '2026-07-10 16:15:48');
INSERT INTO `ap_nodes` (`id`, `project_id`, `floor`, `x`, `y`, `name`, `category`, `type`, `description`, `status`, `image_url`, `is_custom`, `created_at`) VALUES ('top_floor_1783067083692_security_check_1783071523432', 'default', 'top_floor_1783067083692', 503, 285, 'Security Check', 'security', 'security', '', 'Open', NULL, 1, '2026-07-10 16:15:49');
INSERT INTO `ap_nodes` (`id`, `project_id`, `floor`, `x`, `y`, `name`, `category`, `type`, `description`, `status`, `image_url`, `is_custom`, `created_at`) VALUES ('top_floor_1783067083692_test_1783579530323', 'default', 'top_floor_1783067083692', 221, 371, 'test', 'atm', 'atm', '', 'Open', NULL, 1, '2026-07-10 16:15:56');
INSERT INTO `ap_nodes` (`id`, `project_id`, `floor`, `x`, `y`, `name`, `category`, `type`, `description`, `status`, `image_url`, `is_custom`, `created_at`) VALUES ('top_floor_1783067083692_v_mart_1783071427006', 'default', 'top_floor_1783067083692', 751, 220, 'V Mart', 'shopping', 'shopping', '', 'Open', NULL, 1, '2026-07-10 16:15:48');
INSERT INTO `ap_nodes` (`id`, `project_id`, `floor`, `x`, `y`, `name`, `category`, `type`, `description`, `status`, `image_url`, `is_custom`, `created_at`) VALUES ('top_floor_1783067083692_wine_shop_1783070433603', 'default', 'top_floor_1783067083692', 264, 217, 'Wine Shop', 'shopping', 'shopping', '', 'Open', '/poi-images/1783070433581_wineshop.png', 1, '2026-07-10 16:15:48');
INSERT INTO `ap_nodes` (`id`, `project_id`, `floor`, `x`, `y`, `name`, `category`, `type`, `description`, `status`, `image_url`, `is_custom`, `created_at`) VALUES ('top_floor_1783067083692_wp11_1783068466722', 'default', 'top_floor_1783067083692', 912, 345, 'WP11', 'waypoint', 'waypoint', '', 'Open', NULL, 1, '2026-07-10 16:15:45');
INSERT INTO `ap_nodes` (`id`, `project_id`, `floor`, `x`, `y`, `name`, `category`, `type`, `description`, `status`, `image_url`, `is_custom`, `created_at`) VALUES ('top_floor_1783067083692_wp12_1783068499697', 'default', 'top_floor_1783067083692', 902, 229, 'WP12', 'waypoint', 'waypoint', '', 'Open', NULL, 1, '2026-07-10 16:15:45');
INSERT INTO `ap_nodes` (`id`, `project_id`, `floor`, `x`, `y`, `name`, `category`, `type`, `description`, `status`, `image_url`, `is_custom`, `created_at`) VALUES ('top_floor_1783067083692_wp13_1783068529466', 'default', 'top_floor_1783067083692', 809, 235, 'WP13', 'waypoint', 'waypoint', '', 'Open', NULL, 1, '2026-07-10 16:15:45');
INSERT INTO `ap_nodes` (`id`, `project_id`, `floor`, `x`, `y`, `name`, `category`, `type`, `description`, `status`, `image_url`, `is_custom`, `created_at`) VALUES ('top_floor_1783067083692_wp14_1783068556989', 'default', 'top_floor_1783067083692', 640, 236, 'WP14', 'waypoint', 'waypoint', '', 'Open', NULL, 1, '2026-07-10 16:15:45');
INSERT INTO `ap_nodes` (`id`, `project_id`, `floor`, `x`, `y`, `name`, `category`, `type`, `description`, `status`, `image_url`, `is_custom`, `created_at`) VALUES ('top_floor_1783067083692_wp15_1783068676147', 'default', 'top_floor_1783067083692', 722, 168, 'WP15', 'waypoint', 'waypoint', '', 'Open', NULL, 1, '2026-07-10 16:15:46');
INSERT INTO `ap_nodes` (`id`, `project_id`, `floor`, `x`, `y`, `name`, `category`, `type`, `description`, `status`, `image_url`, `is_custom`, `created_at`) VALUES ('top_floor_1783067083692_wp16_1783068693955', 'default', 'top_floor_1783067083692', 894, 159, 'WP16', 'waypoint', 'waypoint', '', 'Open', NULL, 1, '2026-07-10 16:15:46');
INSERT INTO `ap_nodes` (`id`, `project_id`, `floor`, `x`, `y`, `name`, `category`, `type`, `description`, `status`, `image_url`, `is_custom`, `created_at`) VALUES ('top_floor_1783067083692_wp17_1783068731906', 'default', 'top_floor_1783067083692', 814, 109, 'WP17', 'waypoint', 'waypoint', '', 'Open', NULL, 1, '2026-07-10 16:15:46');
INSERT INTO `ap_nodes` (`id`, `project_id`, `floor`, `x`, `y`, `name`, `category`, `type`, `description`, `status`, `image_url`, `is_custom`, `created_at`) VALUES ('top_floor_1783067083692_wp18_1783069164647', 'default', 'top_floor_1783067083692', 688, 110, 'WP18', 'waypoint', 'waypoint', '', 'Open', NULL, 1, '2026-07-10 16:15:46');
INSERT INTO `ap_nodes` (`id`, `project_id`, `floor`, `x`, `y`, `name`, `category`, `type`, `description`, `status`, `image_url`, `is_custom`, `created_at`) VALUES ('top_floor_1783067083692_wp19_1783069207812', 'default', 'top_floor_1783067083692', 561, 112, 'WP19', 'waypoint', 'waypoint', '', 'Open', NULL, 1, '2026-07-10 16:15:46');
INSERT INTO `ap_nodes` (`id`, `project_id`, `floor`, `x`, `y`, `name`, `category`, `type`, `description`, `status`, `image_url`, `is_custom`, `created_at`) VALUES ('top_floor_1783067083692_wp1_1783067900964', 'default', 'top_floor_1783067083692', 503, 511, 'WP1', 'waypoint', 'waypoint', '', 'Open', NULL, 1, '2026-07-10 16:15:44');
INSERT INTO `ap_nodes` (`id`, `project_id`, `floor`, `x`, `y`, `name`, `category`, `type`, `description`, `status`, `image_url`, `is_custom`, `created_at`) VALUES ('top_floor_1783067083692_wp20_1783069227372', 'default', 'top_floor_1783067083692', 436, 109, 'WP20', 'waypoint', 'waypoint', '', 'Open', NULL, 1, '2026-07-10 16:15:46');
INSERT INTO `ap_nodes` (`id`, `project_id`, `floor`, `x`, `y`, `name`, `category`, `type`, `description`, `status`, `image_url`, `is_custom`, `created_at`) VALUES ('top_floor_1783067083692_wp21_1783069241387', 'default', 'top_floor_1783067083692', 302, 108, 'WP21', 'waypoint', 'waypoint', '', 'Open', NULL, 1, '2026-07-10 16:15:46');
INSERT INTO `ap_nodes` (`id`, `project_id`, `floor`, `x`, `y`, `name`, `category`, `type`, `description`, `status`, `image_url`, `is_custom`, `created_at`) VALUES ('top_floor_1783067083692_wp22_1783069272245', 'default', 'top_floor_1783067083692', 157, 110, 'WP22', 'waypoint', 'waypoint', '', 'Open', NULL, 1, '2026-07-10 16:15:46');
INSERT INTO `ap_nodes` (`id`, `project_id`, `floor`, `x`, `y`, `name`, `category`, `type`, `description`, `status`, `image_url`, `is_custom`, `created_at`) VALUES ('top_floor_1783067083692_wp23_1783069322537', 'default', 'top_floor_1783067083692', 128, 155, 'WP23', 'waypoint', 'waypoint', '', 'Open', NULL, 1, '2026-07-10 16:15:46');
INSERT INTO `ap_nodes` (`id`, `project_id`, `floor`, `x`, `y`, `name`, `category`, `type`, `description`, `status`, `image_url`, `is_custom`, `created_at`) VALUES ('top_floor_1783067083692_wp24_1783069341974', 'default', 'top_floor_1783067083692', 300, 170, 'WP24', 'waypoint', 'waypoint', '', 'Open', NULL, 1, '2026-07-10 16:15:46');
INSERT INTO `ap_nodes` (`id`, `project_id`, `floor`, `x`, `y`, `name`, `category`, `type`, `description`, `status`, `image_url`, `is_custom`, `created_at`) VALUES ('top_floor_1783067083692_wp25_1783490797740', 'default', 'top_floor_1783067083692', 363, 237, 'WP25', 'waypoint', 'waypoint', '', 'Under Maintenance', NULL, 1, '2026-07-10 16:15:50');
INSERT INTO `ap_nodes` (`id`, `project_id`, `floor`, `x`, `y`, `name`, `category`, `type`, `description`, `status`, `image_url`, `is_custom`, `created_at`) VALUES ('top_floor_1783067083692_wp26_1783069389080', 'default', 'top_floor_1783067083692', 502, 236, 'WP26', 'waypoint', 'waypoint', '', 'Open', NULL, 1, '2026-07-10 16:15:47');
INSERT INTO `ap_nodes` (`id`, `project_id`, `floor`, `x`, `y`, `name`, `category`, `type`, `description`, `status`, `image_url`, `is_custom`, `created_at`) VALUES ('top_floor_1783067083692_wp27_1783069461885', 'default', 'top_floor_1783067083692', 217, 232, 'WP27', 'waypoint', 'waypoint', '', 'Open', NULL, 1, '2026-07-10 16:15:47');
INSERT INTO `ap_nodes` (`id`, `project_id`, `floor`, `x`, `y`, `name`, `category`, `type`, `description`, `status`, `image_url`, `is_custom`, `created_at`) VALUES ('top_floor_1783067083692_wp28_1783069476141', 'default', 'top_floor_1783067083692', 110, 345, 'WP28', 'waypoint', 'waypoint', '', 'Open', NULL, 1, '2026-07-10 16:15:47');
INSERT INTO `ap_nodes` (`id`, `project_id`, `floor`, `x`, `y`, `name`, `category`, `type`, `description`, `status`, `image_url`, `is_custom`, `created_at`) VALUES ('top_floor_1783067083692_wp29_1783071975671', 'default', 'top_floor_1783067083692', 119, 228, 'WP29', 'waypoint', 'waypoint', '', 'Open', NULL, 1, '2026-07-10 16:15:49');
INSERT INTO `ap_nodes` (`id`, `project_id`, `floor`, `x`, `y`, `name`, `category`, `type`, `description`, `status`, `image_url`, `is_custom`, `created_at`) VALUES ('top_floor_1783067083692_wp2_1783067947734', 'default', 'top_floor_1783067083692', 296, 506, 'WP2', 'waypoint', 'waypoint', '', 'Open', NULL, 1, '2026-07-10 16:15:44');
INSERT INTO `ap_nodes` (`id`, `project_id`, `floor`, `x`, `y`, `name`, `category`, `type`, `description`, `status`, `image_url`, `is_custom`, `created_at`) VALUES ('top_floor_1783067083692_wp30_1783072000670', 'default', 'top_floor_1783067083692', 352, 341, 'WP30', 'waypoint', 'waypoint', '', 'Open', NULL, 1, '2026-07-10 16:15:49');
INSERT INTO `ap_nodes` (`id`, `project_id`, `floor`, `x`, `y`, `name`, `category`, `type`, `description`, `status`, `image_url`, `is_custom`, `created_at`) VALUES ('top_floor_1783067083692_wp31_1783072022443', 'default', 'top_floor_1783067083692', 300, 441, 'WP31', 'waypoint', 'waypoint', '', 'Open', NULL, 1, '2026-07-10 16:15:49');
INSERT INTO `ap_nodes` (`id`, `project_id`, `floor`, `x`, `y`, `name`, `category`, `type`, `description`, `status`, `image_url`, `is_custom`, `created_at`) VALUES ('top_floor_1783067083692_wp32_1783072040911', 'default', 'top_floor_1783067083692', 430, 378, 'WP32', 'waypoint', 'waypoint', '', 'Open', NULL, 1, '2026-07-10 16:15:49');
INSERT INTO `ap_nodes` (`id`, `project_id`, `floor`, `x`, `y`, `name`, `category`, `type`, `description`, `status`, `image_url`, `is_custom`, `created_at`) VALUES ('top_floor_1783067083692_wp33_1783072058019', 'default', 'top_floor_1783067083692', 653, 341, 'WP33', 'waypoint', 'waypoint', '', 'Open', NULL, 1, '2026-07-10 16:15:49');
INSERT INTO `ap_nodes` (`id`, `project_id`, `floor`, `x`, `y`, `name`, `category`, `type`, `description`, `status`, `image_url`, `is_custom`, `created_at`) VALUES ('top_floor_1783067083692_wp34_1783072085601', 'default', 'top_floor_1783067083692', 580, 379, 'WP34', 'waypoint', 'waypoint', '', 'Open', NULL, 1, '2026-07-10 16:15:49');
INSERT INTO `ap_nodes` (`id`, `project_id`, `floor`, `x`, `y`, `name`, `category`, `type`, `description`, `status`, `image_url`, `is_custom`, `created_at`) VALUES ('top_floor_1783067083692_wp35_1783072102794', 'default', 'top_floor_1783067083692', 699, 440, 'WP35', 'waypoint', 'waypoint', '', 'Open', NULL, 1, '2026-07-10 16:15:50');
INSERT INTO `ap_nodes` (`id`, `project_id`, `floor`, `x`, `y`, `name`, `category`, `type`, `description`, `status`, `image_url`, `is_custom`, `created_at`) VALUES ('top_floor_1783067083692_wp36_1783072119859', 'default', 'top_floor_1783067083692', 870, 115, 'WP36', 'waypoint', 'waypoint', '', 'Open', NULL, 1, '2026-07-10 16:15:50');
INSERT INTO `ap_nodes` (`id`, `project_id`, `floor`, `x`, `y`, `name`, `category`, `type`, `description`, `status`, `image_url`, `is_custom`, `created_at`) VALUES ('top_floor_1783067083692_wp37_1783072718073', 'default', 'top_floor_1783067083692', 724, 114, 'WP37', 'waypoint', 'waypoint', '', 'Open', NULL, 1, '2026-07-10 16:15:50');
INSERT INTO `ap_nodes` (`id`, `project_id`, `floor`, `x`, `y`, `name`, `category`, `type`, `description`, `status`, `image_url`, `is_custom`, `created_at`) VALUES ('top_floor_1783067083692_wp3_1783068073709', 'default', 'top_floor_1783067083692', 702, 504, 'WP3', 'waypoint', 'waypoint', '', 'Open', NULL, 1, '2026-07-10 16:15:44');
INSERT INTO `ap_nodes` (`id`, `project_id`, `floor`, `x`, `y`, `name`, `category`, `type`, `description`, `status`, `image_url`, `is_custom`, `created_at`) VALUES ('top_floor_1783067083692_wp40_1783502616637', 'default', 'top_floor_1783067083692', 356, 190, 'WP40', 'waypoint', 'waypoint', '', 'Open', NULL, 1, '2026-07-10 16:15:56');
INSERT INTO `ap_nodes` (`id`, `project_id`, `floor`, `x`, `y`, `name`, `category`, `type`, `description`, `status`, `image_url`, `is_custom`, `created_at`) VALUES ('top_floor_1783067083692_wp4_1783068103597', 'default', 'top_floor_1783067083692', 502, 425, 'WP4', 'waypoint', 'waypoint', '', 'Open', NULL, 1, '2026-07-10 16:15:44');
INSERT INTO `ap_nodes` (`id`, `project_id`, `floor`, `x`, `y`, `name`, `category`, `type`, `description`, `status`, `image_url`, `is_custom`, `created_at`) VALUES ('top_floor_1783067083692_wp5_1783068296554', 'default', 'top_floor_1783067083692', 506, 371, 'WP5', 'waypoint', 'waypoint', '', 'Open', NULL, 1, '2026-07-10 16:15:44');
INSERT INTO `ap_nodes` (`id`, `project_id`, `floor`, `x`, `y`, `name`, `category`, `type`, `description`, `status`, `image_url`, `is_custom`, `created_at`) VALUES ('top_floor_1783067083692_wp60_1783502645733', 'default', 'top_floor_1783067083692', 644, 190, 'WP60', 'waypoint', 'waypoint', '', 'Open', NULL, 1, '2026-07-10 16:15:56');
INSERT INTO `ap_nodes` (`id`, `project_id`, `floor`, `x`, `y`, `name`, `category`, `type`, `description`, `status`, `image_url`, `is_custom`, `created_at`) VALUES ('top_floor_1783067083692_wp6_1783068316379', 'default', 'top_floor_1783067083692', 346, 379, 'WP6', 'waypoint', 'waypoint', '', 'Open', NULL, 1, '2026-07-10 16:15:45');
INSERT INTO `ap_nodes` (`id`, `project_id`, `floor`, `x`, `y`, `name`, `category`, `type`, `description`, `status`, `image_url`, `is_custom`, `created_at`) VALUES ('top_floor_1783067083692_wp7_1783068331718', 'default', 'top_floor_1783067083692', 653, 383, 'WP7', 'waypoint', 'waypoint', '', 'Open', NULL, 1, '2026-07-10 16:15:45');
INSERT INTO `ap_nodes` (`id`, `project_id`, `floor`, `x`, `y`, `name`, `category`, `type`, `description`, `status`, `image_url`, `is_custom`, `created_at`) VALUES ('top_floor_1783067083692_wp80_1783580270587', 'default', 'top_floor_1783067083692', 366, 430, 'WP80', 'waypoint', 'waypoint', '', 'Open', NULL, 1, '2026-07-10 16:15:56');
INSERT INTO `ap_nodes` (`id`, `project_id`, `floor`, `x`, `y`, `name`, `category`, `type`, `description`, `status`, `image_url`, `is_custom`, `created_at`) VALUES ('top_floor_1783067083692_wp8_1783068376162', 'default', 'top_floor_1783067083692', 200, 341, 'WP8', 'waypoint', 'waypoint', '', 'Open', NULL, 1, '2026-07-10 16:15:45');
INSERT INTO `ap_nodes` (`id`, `project_id`, `floor`, `x`, `y`, `name`, `category`, `type`, `description`, `status`, `image_url`, `is_custom`, `created_at`) VALUES ('top_floor_1783067083692_wp9_1783068404898', 'default', 'top_floor_1783067083692', 812, 344, 'WP9', 'waypoint', 'waypoint', '', 'Open', NULL, 1, '2026-07-10 16:15:45');

-- ------------------------------------------------------
-- Table structure and data for ap_edges
-- ------------------------------------------------------

DROP TABLE IF EXISTS `ap_edges`;
CREATE TABLE `ap_edges` (
  `id` varchar(300) NOT NULL,
  `project_id` varchar(100) DEFAULT 'default',
  `from` varchar(200) NOT NULL,
  `to` varchar(200) NOT NULL,
  `distance` float DEFAULT '0',
  `bidirectional` tinyint(1) DEFAULT '1',
  `accessible` tinyint(1) DEFAULT '1',
  `blocked` tinyint(1) DEFAULT '0',
  `created_at` timestamp DEFAULT CURRENT_TIMESTAMP,
  KEY `idx_from` (`from`),
  KEY `idx_to` (`to`),
  PRIMARY KEY (`id`) /*T![clustered_index] CLUSTERED */,
  KEY `idx_project` (`project_id`)
) ENGINE=InnoDB DEFAULT CHARSET=utf8mb4 COLLATE=utf8mb4_bin;

INSERT INTO `ap_edges` (`id`, `project_id`, `from`, `to`, `distance`, `bidirectional`, `accessible`, `blocked`, `created_at`) VALUES ('edge_2nd_floor_1783497447162_n10_1783498688346_2nd_floor_1783497447162_n11_1783498698068_1783499131264', 'default', '2nd_floor_1783497447162_n10_1783498688346', '2nd_floor_1783497447162_n11_1783498698068', 32, 1, 1, 0, '2026-07-10 16:16:01');
INSERT INTO `ap_edges` (`id`, `project_id`, `from`, `to`, `distance`, `bidirectional`, `accessible`, `blocked`, `created_at`) VALUES ('edge_2nd_floor_1783497447162_n11_1783498698068_2nd_floor_1783497447162_n12_1783498717058_1783499135658', 'default', '2nd_floor_1783497447162_n11_1783498698068', '2nd_floor_1783497447162_n12_1783498717058', 174, 1, 1, 0, '2026-07-10 16:16:01');
INSERT INTO `ap_edges` (`id`, `project_id`, `from`, `to`, `distance`, `bidirectional`, `accessible`, `blocked`, `created_at`) VALUES ('edge_2nd_floor_1783497447162_n11_1783498698068_2nd_floor_1783497447162_n22_1783498904758_1783499378059', 'default', '2nd_floor_1783497447162_n11_1783498698068', '2nd_floor_1783497447162_n22_1783498904758', 134, 1, 1, 0, '2026-07-10 16:16:03');
INSERT INTO `ap_edges` (`id`, `project_id`, `from`, `to`, `distance`, `bidirectional`, `accessible`, `blocked`, `created_at`) VALUES ('edge_2nd_floor_1783497447162_n12_1783498717058_2nd_floor_1783497447162_n13_1783498729200_1783499138326', 'default', '2nd_floor_1783497447162_n12_1783498717058', '2nd_floor_1783497447162_n13_1783498729200', 169, 1, 1, 0, '2026-07-10 16:16:01');
INSERT INTO `ap_edges` (`id`, `project_id`, `from`, `to`, `distance`, `bidirectional`, `accessible`, `blocked`, `created_at`) VALUES ('edge_2nd_floor_1783497447162_n14_1783498744128_2nd_floor_1783497447162_n13_1783498729200_1783499113140', 'default', '2nd_floor_1783497447162_n14_1783498744128', '2nd_floor_1783497447162_n13_1783498729200', 28, 1, 1, 0, '2026-07-10 16:16:01');
INSERT INTO `ap_edges` (`id`, `project_id`, `from`, `to`, `distance`, `bidirectional`, `accessible`, `blocked`, `created_at`) VALUES ('edge_2nd_floor_1783497447162_n14_1783498744128_2nd_floor_1783497447162_n15_1783498792962_1783499110449', 'default', '2nd_floor_1783497447162_n14_1783498744128', '2nd_floor_1783497447162_n15_1783498792962', 29, 1, 1, 0, '2026-07-10 16:16:01');
INSERT INTO `ap_edges` (`id`, `project_id`, `from`, `to`, `distance`, `bidirectional`, `accessible`, `blocked`, `created_at`) VALUES ('edge_2nd_floor_1783497447162_n16_1783498816069_2nd_floor_1783497447162_n17_1783498828406_1783499100000', 'default', '2nd_floor_1783497447162_n16_1783498816069', '2nd_floor_1783497447162_n17_1783498828406', 100, 1, 1, 0, '2026-07-10 16:16:00');
INSERT INTO `ap_edges` (`id`, `project_id`, `from`, `to`, `distance`, `bidirectional`, `accessible`, `blocked`, `created_at`) VALUES ('edge_2nd_floor_1783497447162_n17_1783498828406_2nd_floor_1783497447162_n15_1783498792962_1783499104066', 'default', '2nd_floor_1783497447162_n17_1783498828406', '2nd_floor_1783497447162_n15_1783498792962', 183, 1, 1, 0, '2026-07-10 16:16:01');
INSERT INTO `ap_edges` (`id`, `project_id`, `from`, `to`, `distance`, `bidirectional`, `accessible`, `blocked`, `created_at`) VALUES ('edge_2nd_floor_1783497447162_n17_1783498828406_2nd_floor_1783497447162_n18_1783498849860_1783499120999', 'default', '2nd_floor_1783497447162_n17_1783498828406', '2nd_floor_1783497447162_n18_1783498849860', 133, 1, 1, 0, '2026-07-10 16:16:01');
INSERT INTO `ap_edges` (`id`, `project_id`, `from`, `to`, `distance`, `bidirectional`, `accessible`, `blocked`, `created_at`) VALUES ('edge_2nd_floor_1783497447162_n19_1783498866188_2nd_floor_1783497447162_n15_1783498792962_1783499203613', 'default', '2nd_floor_1783497447162_n19_1783498866188', '2nd_floor_1783497447162_n15_1783498792962', 148, 1, 1, 0, '2026-07-10 16:16:03');
INSERT INTO `ap_edges` (`id`, `project_id`, `from`, `to`, `distance`, `bidirectional`, `accessible`, `blocked`, `created_at`) VALUES ('edge_2nd_floor_1783497447162_n19_1783498866188_2nd_floor_1783497447162_n20_1783498877483_1783499194499', 'default', '2nd_floor_1783497447162_n19_1783498866188', '2nd_floor_1783497447162_n20_1783498877483', 52, 1, 1, 0, '2026-07-10 16:16:03');
INSERT INTO `ap_edges` (`id`, `project_id`, `from`, `to`, `distance`, `bidirectional`, `accessible`, `blocked`, `created_at`) VALUES ('edge_2nd_floor_1783497447162_n1_1783498461028_2nd_floor_1783497447162_n6_1783498632102_1783499078450', 'default', '2nd_floor_1783497447162_n1_1783498461028', '2nd_floor_1783497447162_n6_1783498632102', 75, 1, 1, 0, '2026-07-10 16:16:00');
INSERT INTO `ap_edges` (`id`, `project_id`, `from`, `to`, `distance`, `bidirectional`, `accessible`, `blocked`, `created_at`) VALUES ('edge_2nd_floor_1783497447162_n20_1783498877483_2nd_floor_1783497447162_n13_1783498729200_1783499206254', 'default', '2nd_floor_1783497447162_n20_1783498877483', '2nd_floor_1783497447162_n13_1783498729200', 133, 1, 1, 0, '2026-07-10 16:16:03');
INSERT INTO `ap_edges` (`id`, `project_id`, `from`, `to`, `distance`, `bidirectional`, `accessible`, `blocked`, `created_at`) VALUES ('edge_2nd_floor_1783497447162_n20_1783498877483_2nd_floor_1783497447162_n21_1783498894525_1783499196564', 'default', '2nd_floor_1783497447162_n20_1783498877483', '2nd_floor_1783497447162_n21_1783498894525', 161, 1, 1, 0, '2026-07-10 16:16:03');
INSERT INTO `ap_edges` (`id`, `project_id`, `from`, `to`, `distance`, `bidirectional`, `accessible`, `blocked`, `created_at`) VALUES ('edge_2nd_floor_1783497447162_n20_1783498877483_2nd_floor_1783497447162_n35_1783499290662_1783499306106', 'default', '2nd_floor_1783497447162_n20_1783498877483', '2nd_floor_1783497447162_n35_1783499290662', 32, 1, 1, 0, '2026-07-10 16:16:03');
INSERT INTO `ap_edges` (`id`, `project_id`, `from`, `to`, `distance`, `bidirectional`, `accessible`, `blocked`, `created_at`) VALUES ('edge_2nd_floor_1783497447162_n21_1783498894525_2nd_floor_1783497447162_n22_1783498904758_1783499199390', 'default', '2nd_floor_1783497447162_n21_1783498894525', '2nd_floor_1783497447162_n22_1783498904758', 159, 1, 1, 0, '2026-07-10 16:16:03');
INSERT INTO `ap_edges` (`id`, `project_id`, `from`, `to`, `distance`, `bidirectional`, `accessible`, `blocked`, `created_at`) VALUES ('edge_2nd_floor_1783497447162_n24_1783498927080_2nd_floor_1783497447162_n34_1783499245545_1783499261254', 'default', '2nd_floor_1783497447162_n24_1783498927080', '2nd_floor_1783497447162_n34_1783499245545', 85, 1, 1, 0, '2026-07-10 16:16:03');
INSERT INTO `ap_edges` (`id`, `project_id`, `from`, `to`, `distance`, `bidirectional`, `accessible`, `blocked`, `created_at`) VALUES ('edge_2nd_floor_1783497447162_n25_1783498946283_2nd_floor_1783497447162_n26_1783498962018_1783499161751', 'default', '2nd_floor_1783497447162_n25_1783498946283', '2nd_floor_1783497447162_n26_1783498962018', 126, 1, 1, 0, '2026-07-10 16:16:02');
INSERT INTO `ap_edges` (`id`, `project_id`, `from`, `to`, `distance`, `bidirectional`, `accessible`, `blocked`, `created_at`) VALUES ('edge_2nd_floor_1783497447162_n26_1783498962018_2nd_floor_1783497447162_n27_1783498974588_1783499164722', 'default', '2nd_floor_1783497447162_n26_1783498962018', '2nd_floor_1783497447162_n27_1783498974588', 129, 1, 1, 0, '2026-07-10 16:16:02');
INSERT INTO `ap_edges` (`id`, `project_id`, `from`, `to`, `distance`, `bidirectional`, `accessible`, `blocked`, `created_at`) VALUES ('edge_2nd_floor_1783497447162_n27_1783498974588_2nd_floor_1783497447162_n28_1783498990222_1783499166723', 'default', '2nd_floor_1783497447162_n27_1783498974588', '2nd_floor_1783497447162_n28_1783498990222', 42, 1, 1, 0, '2026-07-10 16:16:02');
INSERT INTO `ap_edges` (`id`, `project_id`, `from`, `to`, `distance`, `bidirectional`, `accessible`, `blocked`, `created_at`) VALUES ('edge_2nd_floor_1783497447162_n28_1783498990222_2nd_floor_1783497447162_n29_1783499001822_1783499175476', 'default', '2nd_floor_1783497447162_n28_1783498990222', '2nd_floor_1783497447162_n29_1783499001822', 105, 1, 1, 0, '2026-07-10 16:16:02');
INSERT INTO `ap_edges` (`id`, `project_id`, `from`, `to`, `distance`, `bidirectional`, `accessible`, `blocked`, `created_at`) VALUES ('edge_2nd_floor_1783497447162_n29_1783499001822_2nd_floor_1783497447162_n30_1783499013721_1783499178082', 'default', '2nd_floor_1783497447162_n29_1783499001822', '2nd_floor_1783497447162_n30_1783499013721', 138, 1, 1, 0, '2026-07-10 16:16:02');
INSERT INTO `ap_edges` (`id`, `project_id`, `from`, `to`, `distance`, `bidirectional`, `accessible`, `blocked`, `created_at`) VALUES ('edge_2nd_floor_1783497447162_n30_1783499013721_2nd_floor_1783497447162_n31_1783499033734_1783499180351', 'default', '2nd_floor_1783497447162_n30_1783499013721', '2nd_floor_1783497447162_n31_1783499033734', 142, 1, 1, 0, '2026-07-10 16:16:02');
INSERT INTO `ap_edges` (`id`, `project_id`, `from`, `to`, `distance`, `bidirectional`, `accessible`, `blocked`, `created_at`) VALUES ('edge_2nd_floor_1783497447162_n31_1783499033734_2nd_floor_1783497447162_n32_1783499044321_1783499183195', 'default', '2nd_floor_1783497447162_n31_1783499033734', '2nd_floor_1783497447162_n32_1783499044321', 140, 1, 1, 0, '2026-07-10 16:16:02');
INSERT INTO `ap_edges` (`id`, `project_id`, `from`, `to`, `distance`, `bidirectional`, `accessible`, `blocked`, `created_at`) VALUES ('edge_2nd_floor_1783497447162_n32_1783499044321_2nd_floor_1783497447162_n33_1783499055851_1783499184853', 'default', '2nd_floor_1783497447162_n32_1783499044321', '2nd_floor_1783497447162_n33_1783499055851', 31, 1, 1, 0, '2026-07-10 16:16:02');
INSERT INTO `ap_edges` (`id`, `project_id`, `from`, `to`, `distance`, `bidirectional`, `accessible`, `blocked`, `created_at`) VALUES ('edge_2nd_floor_1783497447162_n33_1783499055851_2nd_floor_1783497447162_n18_1783498849860_1783499188805', 'default', '2nd_floor_1783497447162_n33_1783499055851', '2nd_floor_1783497447162_n18_1783498849860', 125, 1, 1, 0, '2026-07-10 16:16:02');
INSERT INTO `ap_edges` (`id`, `project_id`, `from`, `to`, `distance`, `bidirectional`, `accessible`, `blocked`, `created_at`) VALUES ('edge_2nd_floor_1783497447162_n3_1783498585913_2nd_floor_1783497447162_n14_1783498744128_1783499107930', 'default', '2nd_floor_1783497447162_n3_1783498585913', '2nd_floor_1783497447162_n14_1783498744128', 87, 1, 1, 0, '2026-07-10 16:16:01');
INSERT INTO `ap_edges` (`id`, `project_id`, `from`, `to`, `distance`, `bidirectional`, `accessible`, `blocked`, `created_at`) VALUES ('edge_2nd_floor_1783497447162_n3_1783498585913_2nd_floor_1783497447162_n16_1783498816069_1783499095728', 'default', '2nd_floor_1783497447162_n3_1783498585913', '2nd_floor_1783497447162_n16_1783498816069', 222, 1, 1, 0, '2026-07-10 16:16:00');
INSERT INTO `ap_edges` (`id`, `project_id`, `from`, `to`, `distance`, `bidirectional`, `accessible`, `blocked`, `created_at`) VALUES ('edge_2nd_floor_1783497447162_n3_1783498585913_2nd_floor_1783497447162_n2_1783498560507_1783499091654', 'default', '2nd_floor_1783497447162_n3_1783498585913', '2nd_floor_1783497447162_n2_1783498560507', 75, 1, 1, 0, '2026-07-10 16:16:00');
INSERT INTO `ap_edges` (`id`, `project_id`, `from`, `to`, `distance`, `bidirectional`, `accessible`, `blocked`, `created_at`) VALUES ('edge_2nd_floor_1783497447162_n4_1783498606563_2nd_floor_1783497447162_n3_1783498585913_1783499088569', 'default', '2nd_floor_1783497447162_n4_1783498606563', '2nd_floor_1783497447162_n3_1783498585913', 41, 1, 1, 0, '2026-07-10 16:16:00');
INSERT INTO `ap_edges` (`id`, `project_id`, `from`, `to`, `distance`, `bidirectional`, `accessible`, `blocked`, `created_at`) VALUES ('edge_2nd_floor_1783497447162_n5_1783498620483_2nd_floor_1783497447162_n4_1783498606563_1783499086320', 'default', '2nd_floor_1783497447162_n5_1783498620483', '2nd_floor_1783497447162_n4_1783498606563', 328, 1, 1, 0, '2026-07-10 16:16:00');
INSERT INTO `ap_edges` (`id`, `project_id`, `from`, `to`, `distance`, `bidirectional`, `accessible`, `blocked`, `created_at`) VALUES ('edge_2nd_floor_1783497447162_n6_1783498632102_2nd_floor_1783497447162_n10_1783498688346_1783499129372', 'default', '2nd_floor_1783497447162_n6_1783498632102', '2nd_floor_1783497447162_n10_1783498688346', 86, 1, 1, 0, '2026-07-10 16:16:01');
INSERT INTO `ap_edges` (`id`, `project_id`, `from`, `to`, `distance`, `bidirectional`, `accessible`, `blocked`, `created_at`) VALUES ('edge_2nd_floor_1783497447162_n6_1783498632102_2nd_floor_1783497447162_n5_1783498620483_1783499082267', 'default', '2nd_floor_1783497447162_n6_1783498632102', '2nd_floor_1783497447162_n5_1783498620483', 40, 1, 1, 0, '2026-07-10 16:16:00');
INSERT INTO `ap_edges` (`id`, `project_id`, `from`, `to`, `distance`, `bidirectional`, `accessible`, `blocked`, `created_at`) VALUES ('edge_2nd_floor_1783497447162_n6_1783498632102_2nd_floor_1783497447162_n7_1783498645169_1783499143928', 'default', '2nd_floor_1783497447162_n6_1783498632102', '2nd_floor_1783497447162_n7_1783498645169', 221, 1, 1, 0, '2026-07-10 16:16:01');
INSERT INTO `ap_edges` (`id`, `project_id`, `from`, `to`, `distance`, `bidirectional`, `accessible`, `blocked`, `created_at`) VALUES ('edge_2nd_floor_1783497447162_n7_1783498645169_2nd_floor_1783497447162_n8_1783498657817_1783499148979', 'default', '2nd_floor_1783497447162_n7_1783498645169', '2nd_floor_1783497447162_n8_1783498657817', 97, 1, 1, 0, '2026-07-10 16:16:01');
INSERT INTO `ap_edges` (`id`, `project_id`, `from`, `to`, `distance`, `bidirectional`, `accessible`, `blocked`, `created_at`) VALUES ('edge_2nd_floor_1783497447162_n8_1783498657817_2nd_floor_1783497447162_n25_1783498946283_1783499158488', 'default', '2nd_floor_1783497447162_n8_1783498657817', '2nd_floor_1783497447162_n25_1783498946283', 137, 1, 1, 0, '2026-07-10 16:16:02');
INSERT INTO `ap_edges` (`id`, `project_id`, `from`, `to`, `distance`, `bidirectional`, `accessible`, `blocked`, `created_at`) VALUES ('edge_2nd_floor_1783497447162_n8_1783498657817_2nd_floor_1783497447162_n9_1783498673309_1783499151523', 'default', '2nd_floor_1783497447162_n8_1783498657817', '2nd_floor_1783497447162_n9_1783498673309', 185, 1, 1, 0, '2026-07-10 16:16:01');
INSERT INTO `ap_edges` (`id`, `project_id`, `from`, `to`, `distance`, `bidirectional`, `accessible`, `blocked`, `created_at`) VALUES ('edge_2nd_floor_1783497447162_n9_1783498673309_2nd_floor_1783497447162_n10_1783498688346_1783499153314', 'default', '2nd_floor_1783497447162_n9_1783498673309', '2nd_floor_1783497447162_n10_1783498688346', 21, 1, 1, 0, '2026-07-10 16:16:02');
INSERT INTO `ap_edges` (`id`, `project_id`, `from`, `to`, `distance`, `bidirectional`, `accessible`, `blocked`, `created_at`) VALUES ('edge_2nd_floor_1783497447162_n9_1783498673309_2nd_floor_1783497447162_n24_1783498927080_1783499372764', 'default', '2nd_floor_1783497447162_n9_1783498673309', '2nd_floor_1783497447162_n24_1783498927080', 146, 1, 1, 0, '2026-07-10 16:16:03');
INSERT INTO `ap_edges` (`id`, `project_id`, `from`, `to`, `distance`, `bidirectional`, `accessible`, `blocked`, `created_at`) VALUES ('edge_top_floor_1783067083692_wp11_1783068466722_top_floor_1783067083692_wp12_1783068499697_1783072655850', 'default', 'top_floor_1783067083692_wp11_1783068466722', 'top_floor_1783067083692_wp12_1783068499697', 116, 1, 1, 0, '2026-07-10 16:15:59');
INSERT INTO `ap_edges` (`id`, `project_id`, `from`, `to`, `distance`, `bidirectional`, `accessible`, `blocked`, `created_at`) VALUES ('edge_top_floor_1783067083692_wp12_1783068499697_top_floor_1783067083692_wp16_1783068693955_1783072659861', 'default', 'top_floor_1783067083692_wp12_1783068499697', 'top_floor_1783067083692_wp16_1783068693955', 70, 1, 1, 0, '2026-07-10 16:15:59');
INSERT INTO `ap_edges` (`id`, `project_id`, `from`, `to`, `distance`, `bidirectional`, `accessible`, `blocked`, `created_at`) VALUES ('edge_top_floor_1783067083692_wp14_1783068556989_top_floor_1783067083692_wp15_1783068676147_1783072632526', 'default', 'top_floor_1783067083692_wp14_1783068556989', 'top_floor_1783067083692_wp15_1783068676147', 107, 1, 1, 0, '2026-07-10 16:15:58');
INSERT INTO `ap_edges` (`id`, `project_id`, `from`, `to`, `distance`, `bidirectional`, `accessible`, `blocked`, `created_at`) VALUES ('edge_top_floor_1783067083692_wp14_1783068556989_top_floor_1783067083692_wp26_1783069389080_1783495166203', 'default', 'top_floor_1783067083692_wp14_1783068556989', 'top_floor_1783067083692_wp26_1783069389080', 138, 1, 1, 0, '2026-07-10 16:16:00');
INSERT INTO `ap_edges` (`id`, `project_id`, `from`, `to`, `distance`, `bidirectional`, `accessible`, `blocked`, `created_at`) VALUES ('edge_top_floor_1783067083692_wp14_1783068556989_top_floor_1783067083692_wp60_1783502645733_1783502651592', 'default', 'top_floor_1783067083692_wp14_1783068556989', 'top_floor_1783067083692_wp60_1783502645733', 46, 1, 1, 0, '2026-07-10 16:16:03');
INSERT INTO `ap_edges` (`id`, `project_id`, `from`, `to`, `distance`, `bidirectional`, `accessible`, `blocked`, `created_at`) VALUES ('edge_top_floor_1783067083692_wp16_1783068693955_top_floor_1783067083692_wp36_1783072119859_1783072663006', 'default', 'top_floor_1783067083692_wp16_1783068693955', 'top_floor_1783067083692_wp36_1783072119859', 50, 1, 1, 0, '2026-07-10 16:15:59');
INSERT INTO `ap_edges` (`id`, `project_id`, `from`, `to`, `distance`, `bidirectional`, `accessible`, `blocked`, `created_at`) VALUES ('edge_top_floor_1783067083692_wp17_1783068731906_top_floor_1783067083692_wp37_1783072718073_1783072727914', 'default', 'top_floor_1783067083692_wp17_1783068731906', 'top_floor_1783067083692_wp37_1783072718073', 90, 1, 1, 0, '2026-07-10 16:15:59');
INSERT INTO `ap_edges` (`id`, `project_id`, `from`, `to`, `distance`, `bidirectional`, `accessible`, `blocked`, `created_at`) VALUES ('edge_top_floor_1783067083692_wp18_1783069164647_top_floor_1783067083692_wp19_1783069207812_1783072678855', 'default', 'top_floor_1783067083692_wp18_1783069164647', 'top_floor_1783067083692_wp19_1783069207812', 127, 1, 1, 0, '2026-07-10 16:15:59');
INSERT INTO `ap_edges` (`id`, `project_id`, `from`, `to`, `distance`, `bidirectional`, `accessible`, `blocked`, `created_at`) VALUES ('edge_top_floor_1783067083692_wp19_1783069207812_top_floor_1783067083692_wp20_1783069227372_1783072681572', 'default', 'top_floor_1783067083692_wp19_1783069207812', 'top_floor_1783067083692_wp20_1783069227372', 125, 1, 1, 0, '2026-07-10 16:15:59');
INSERT INTO `ap_edges` (`id`, `project_id`, `from`, `to`, `distance`, `bidirectional`, `accessible`, `blocked`, `created_at`) VALUES ('edge_top_floor_1783067083692_wp1_1783067900964_top_floor_1783067083692_wp2_1783067947734_1783072462609', 'default', 'top_floor_1783067083692_wp1_1783067900964', 'top_floor_1783067083692_wp2_1783067947734', 207, 1, 1, 0, '2026-07-10 16:15:57');
INSERT INTO `ap_edges` (`id`, `project_id`, `from`, `to`, `distance`, `bidirectional`, `accessible`, `blocked`, `created_at`) VALUES ('edge_top_floor_1783067083692_wp1_1783067900964_top_floor_1783067083692_wp3_1783068073709_1783072507431', 'default', 'top_floor_1783067083692_wp1_1783067900964', 'top_floor_1783067083692_wp3_1783068073709', 199, 1, 1, 0, '2026-07-10 16:15:57');
INSERT INTO `ap_edges` (`id`, `project_id`, `from`, `to`, `distance`, `bidirectional`, `accessible`, `blocked`, `created_at`) VALUES ('edge_top_floor_1783067083692_wp20_1783069227372_top_floor_1783067083692_wp21_1783069241387_1783072684468', 'default', 'top_floor_1783067083692_wp20_1783069227372', 'top_floor_1783067083692_wp21_1783069241387', 134, 1, 1, 0, '2026-07-10 16:15:59');
INSERT INTO `ap_edges` (`id`, `project_id`, `from`, `to`, `distance`, `bidirectional`, `accessible`, `blocked`, `created_at`) VALUES ('edge_top_floor_1783067083692_wp21_1783069241387_top_floor_1783067083692_wp24_1783069341974_1783072608434', 'default', 'top_floor_1783067083692_wp21_1783069241387', 'top_floor_1783067083692_wp24_1783069341974', 62, 1, 1, 0, '2026-07-10 16:15:58');
INSERT INTO `ap_edges` (`id`, `project_id`, `from`, `to`, `distance`, `bidirectional`, `accessible`, `blocked`, `created_at`) VALUES ('edge_top_floor_1783067083692_wp22_1783069272245_top_floor_1783067083692_wp21_1783069241387_1783072604274', 'default', 'top_floor_1783067083692_wp22_1783069272245', 'top_floor_1783067083692_wp21_1783069241387', 145, 1, 1, 0, '2026-07-10 16:15:58');
INSERT INTO `ap_edges` (`id`, `project_id`, `from`, `to`, `distance`, `bidirectional`, `accessible`, `blocked`, `created_at`) VALUES ('edge_top_floor_1783067083692_wp23_1783069322537_top_floor_1783067083692_wp22_1783069272245_1783072589904', 'default', 'top_floor_1783067083692_wp23_1783069322537', 'top_floor_1783067083692_wp22_1783069272245', 54, 1, 1, 0, '2026-07-10 16:15:58');
INSERT INTO `ap_edges` (`id`, `project_id`, `from`, `to`, `distance`, `bidirectional`, `accessible`, `blocked`, `created_at`) VALUES ('edge_top_floor_1783067083692_wp25_1783490797740_top_floor_1783067083692_wp24_1783069341974_1783490808499', 'default', 'top_floor_1783067083692_wp25_1783490797740', 'top_floor_1783067083692_wp24_1783069341974', 92, 1, 1, 0, '2026-07-10 16:16:00');
INSERT INTO `ap_edges` (`id`, `project_id`, `from`, `to`, `distance`, `bidirectional`, `accessible`, `blocked`, `created_at`) VALUES ('edge_top_floor_1783067083692_wp25_1783490797740_top_floor_1783067083692_wp26_1783069389080_1783495259592', 'default', 'top_floor_1783067083692_wp25_1783490797740', 'top_floor_1783067083692_wp26_1783069389080', 139, 1, 1, 0, '2026-07-10 16:16:00');
INSERT INTO `ap_edges` (`id`, `project_id`, `from`, `to`, `distance`, `bidirectional`, `accessible`, `blocked`, `created_at`) VALUES ('edge_top_floor_1783067083692_wp25_1783490797740_top_floor_1783067083692_wp30_1783072000670_1783490805375', 'default', 'top_floor_1783067083692_wp25_1783490797740', 'top_floor_1783067083692_wp30_1783072000670', 105, 1, 1, 0, '2026-07-10 16:16:00');
INSERT INTO `ap_edges` (`id`, `project_id`, `from`, `to`, `distance`, `bidirectional`, `accessible`, `blocked`, `created_at`) VALUES ('edge_top_floor_1783067083692_wp25_1783490797740_top_floor_1783067083692_wp40_1783502616637_1783502624099', 'default', 'top_floor_1783067083692_wp25_1783490797740', 'top_floor_1783067083692_wp40_1783502616637', 48, 1, 1, 0, '2026-07-10 16:16:03');
INSERT INTO `ap_edges` (`id`, `project_id`, `from`, `to`, `distance`, `bidirectional`, `accessible`, `blocked`, `created_at`) VALUES ('edge_top_floor_1783067083692_wp28_1783069476141_top_floor_1783067083692_wp29_1783071975671_1783072578846', 'default', 'top_floor_1783067083692_wp28_1783069476141', 'top_floor_1783067083692_wp29_1783071975671', 117, 1, 1, 0, '2026-07-10 16:15:58');
INSERT INTO `ap_edges` (`id`, `project_id`, `from`, `to`, `distance`, `bidirectional`, `accessible`, `blocked`, `created_at`) VALUES ('edge_top_floor_1783067083692_wp28_1783069476141_top_floor_1783067083692_wp8_1783068376162_1783072572886', 'default', 'top_floor_1783067083692_wp28_1783069476141', 'top_floor_1783067083692_wp8_1783068376162', 90, 1, 1, 0, '2026-07-10 16:15:58');
INSERT INTO `ap_edges` (`id`, `project_id`, `from`, `to`, `distance`, `bidirectional`, `accessible`, `blocked`, `created_at`) VALUES ('edge_top_floor_1783067083692_wp29_1783071975671_top_floor_1783067083692_wp23_1783069322537_1783072582579', 'default', 'top_floor_1783067083692_wp29_1783071975671', 'top_floor_1783067083692_wp23_1783069322537', 74, 1, 1, 0, '2026-07-10 16:15:58');
INSERT INTO `ap_edges` (`id`, `project_id`, `from`, `to`, `distance`, `bidirectional`, `accessible`, `blocked`, `created_at`) VALUES ('edge_top_floor_1783067083692_wp2_1783067947734_top_floor_1783067083692_wp31_1783072022443_1783072474156', 'default', 'top_floor_1783067083692_wp2_1783067947734', 'top_floor_1783067083692_wp31_1783072022443', 65, 1, 1, 0, '2026-07-10 16:15:57');
INSERT INTO `ap_edges` (`id`, `project_id`, `from`, `to`, `distance`, `bidirectional`, `accessible`, `blocked`, `created_at`) VALUES ('edge_top_floor_1783067083692_wp31_1783072022443_top_floor_1783067083692_wp6_1783068316379_1783072479942', 'default', 'top_floor_1783067083692_wp31_1783072022443', 'top_floor_1783067083692_wp6_1783068316379', 77, 1, 1, 0, '2026-07-10 16:15:57');
INSERT INTO `ap_edges` (`id`, `project_id`, `from`, `to`, `distance`, `bidirectional`, `accessible`, `blocked`, `created_at`) VALUES ('edge_top_floor_1783067083692_wp32_1783072040911_top_floor_1783067083692_wp5_1783068296554_1783072550112', 'default', 'top_floor_1783067083692_wp32_1783072040911', 'top_floor_1783067083692_wp5_1783068296554', 76, 1, 1, 0, '2026-07-10 16:15:57');
INSERT INTO `ap_edges` (`id`, `project_id`, `from`, `to`, `distance`, `bidirectional`, `accessible`, `blocked`, `created_at`) VALUES ('edge_top_floor_1783067083692_wp33_1783072058019_top_floor_1783067083692_wp14_1783068556989_1783072627996', 'default', 'top_floor_1783067083692_wp33_1783072058019', 'top_floor_1783067083692_wp14_1783068556989', 106, 1, 1, 0, '2026-07-10 16:15:58');
INSERT INTO `ap_edges` (`id`, `project_id`, `from`, `to`, `distance`, `bidirectional`, `accessible`, `blocked`, `created_at`) VALUES ('edge_top_floor_1783067083692_wp33_1783072058019_top_floor_1783067083692_wp9_1783068404898_1783072636481', 'default', 'top_floor_1783067083692_wp33_1783072058019', 'top_floor_1783067083692_wp9_1783068404898', 159, 1, 1, 0, '2026-07-10 16:15:58');
INSERT INTO `ap_edges` (`id`, `project_id`, `from`, `to`, `distance`, `bidirectional`, `accessible`, `blocked`, `created_at`) VALUES ('edge_top_floor_1783067083692_wp34_1783072085601_top_floor_1783067083692_wp5_1783068296554_1783072537936', 'default', 'top_floor_1783067083692_wp34_1783072085601', 'top_floor_1783067083692_wp5_1783068296554', 74, 1, 1, 0, '2026-07-10 16:15:57');
INSERT INTO `ap_edges` (`id`, `project_id`, `from`, `to`, `distance`, `bidirectional`, `accessible`, `blocked`, `created_at`) VALUES ('edge_top_floor_1783067083692_wp35_1783072102794_top_floor_1783067083692_wp7_1783068331718_1783072527083', 'default', 'top_floor_1783067083692_wp35_1783072102794', 'top_floor_1783067083692_wp7_1783068331718', 73, 1, 1, 0, '2026-07-10 16:15:57');
INSERT INTO `ap_edges` (`id`, `project_id`, `from`, `to`, `distance`, `bidirectional`, `accessible`, `blocked`, `created_at`) VALUES ('edge_top_floor_1783067083692_wp36_1783072119859_top_floor_1783067083692_wp17_1783068731906_1783072665475', 'default', 'top_floor_1783067083692_wp36_1783072119859', 'top_floor_1783067083692_wp17_1783068731906', 56, 1, 1, 0, '2026-07-10 16:15:59');
INSERT INTO `ap_edges` (`id`, `project_id`, `from`, `to`, `distance`, `bidirectional`, `accessible`, `blocked`, `created_at`) VALUES ('edge_top_floor_1783067083692_wp37_1783072718073_top_floor_1783067083692_wp15_1783068676147_1783072733323', 'default', 'top_floor_1783067083692_wp37_1783072718073', 'top_floor_1783067083692_wp15_1783068676147', 54, 1, 1, 0, '2026-07-10 16:15:59');
INSERT INTO `ap_edges` (`id`, `project_id`, `from`, `to`, `distance`, `bidirectional`, `accessible`, `blocked`, `created_at`) VALUES ('edge_top_floor_1783067083692_wp37_1783072718073_top_floor_1783067083692_wp18_1783069164647_1783072730384', 'default', 'top_floor_1783067083692_wp37_1783072718073', 'top_floor_1783067083692_wp18_1783069164647', 36, 1, 1, 0, '2026-07-10 16:15:59');
INSERT INTO `ap_edges` (`id`, `project_id`, `from`, `to`, `distance`, `bidirectional`, `accessible`, `blocked`, `created_at`) VALUES ('edge_top_floor_1783067083692_wp3_1783068073709_top_floor_1783067083692_wp35_1783072102794_1783072519001', 'default', 'top_floor_1783067083692_wp3_1783068073709', 'top_floor_1783067083692_wp35_1783072102794', 64, 1, 1, 0, '2026-07-10 16:15:57');
INSERT INTO `ap_edges` (`id`, `project_id`, `from`, `to`, `distance`, `bidirectional`, `accessible`, `blocked`, `created_at`) VALUES ('edge_top_floor_1783067083692_wp6_1783068316379_top_floor_1783067083692_wp30_1783072000670_1783072485956', 'default', 'top_floor_1783067083692_wp6_1783068316379', 'top_floor_1783067083692_wp30_1783072000670', 38, 1, 1, 0, '2026-07-10 16:15:57');
INSERT INTO `ap_edges` (`id`, `project_id`, `from`, `to`, `distance`, `bidirectional`, `accessible`, `blocked`, `created_at`) VALUES ('edge_top_floor_1783067083692_wp6_1783068316379_top_floor_1783067083692_wp32_1783072040911_1783072543783', 'default', 'top_floor_1783067083692_wp6_1783068316379', 'top_floor_1783067083692_wp32_1783072040911', 84, 1, 1, 0, '2026-07-10 16:15:57');
INSERT INTO `ap_edges` (`id`, `project_id`, `from`, `to`, `distance`, `bidirectional`, `accessible`, `blocked`, `created_at`) VALUES ('edge_top_floor_1783067083692_wp6_1783068316379_top_floor_1783067083692_wp80_1783580270587_1783580307494', 'default', 'top_floor_1783067083692_wp6_1783068316379', 'top_floor_1783067083692_wp80_1783580270587', 55, 1, 1, 0, '2026-07-10 16:16:04');
INSERT INTO `ap_edges` (`id`, `project_id`, `from`, `to`, `distance`, `bidirectional`, `accessible`, `blocked`, `created_at`) VALUES ('edge_top_floor_1783067083692_wp7_1783068331718_top_floor_1783067083692_wp33_1783072058019_1783072624255', 'default', 'top_floor_1783067083692_wp7_1783068331718', 'top_floor_1783067083692_wp33_1783072058019', 42, 1, 1, 0, '2026-07-10 16:15:58');
INSERT INTO `ap_edges` (`id`, `project_id`, `from`, `to`, `distance`, `bidirectional`, `accessible`, `blocked`, `created_at`) VALUES ('edge_top_floor_1783067083692_wp7_1783068331718_top_floor_1783067083692_wp34_1783072085601_1783072534344', 'default', 'top_floor_1783067083692_wp7_1783068331718', 'top_floor_1783067083692_wp34_1783072085601', 73, 1, 1, 0, '2026-07-10 16:15:57');
INSERT INTO `ap_edges` (`id`, `project_id`, `from`, `to`, `distance`, `bidirectional`, `accessible`, `blocked`, `created_at`) VALUES ('edge_top_floor_1783067083692_wp8_1783068376162_top_floor_1783067083692_wp27_1783069461885_1783072567628', 'default', 'top_floor_1783067083692_wp8_1783068376162', 'top_floor_1783067083692_wp27_1783069461885', 110, 1, 1, 0, '2026-07-10 16:15:57');
INSERT INTO `ap_edges` (`id`, `project_id`, `from`, `to`, `distance`, `bidirectional`, `accessible`, `blocked`, `created_at`) VALUES ('edge_top_floor_1783067083692_wp8_1783068376162_top_floor_1783067083692_wp30_1783072000670_1783579061361', 'default', 'top_floor_1783067083692_wp8_1783068376162', 'top_floor_1783067083692_wp30_1783072000670', 152, 1, 1, 0, '2026-07-10 16:16:04');
INSERT INTO `ap_edges` (`id`, `project_id`, `from`, `to`, `distance`, `bidirectional`, `accessible`, `blocked`, `created_at`) VALUES ('edge_top_floor_1783067083692_wp9_1783068404898_top_floor_1783067083692_wp11_1783068466722_1783072640116', 'default', 'top_floor_1783067083692_wp9_1783068404898', 'top_floor_1783067083692_wp11_1783068466722', 100, 1, 1, 0, '2026-07-10 16:15:58');
INSERT INTO `ap_edges` (`id`, `project_id`, `from`, `to`, `distance`, `bidirectional`, `accessible`, `blocked`, `created_at`) VALUES ('edge_top_floor_1783067083692_wp9_1783068404898_top_floor_1783067083692_wp13_1783068529466_1783072648158', 'default', 'top_floor_1783067083692_wp9_1783068404898', 'top_floor_1783067083692_wp13_1783068529466', 109, 1, 1, 0, '2026-07-10 16:15:59');

-- ------------------------------------------------------
-- Table structure and data for ap_categories
-- ------------------------------------------------------

DROP TABLE IF EXISTS `ap_categories`;
CREATE TABLE `ap_categories` (
  `id` varchar(100) NOT NULL,
  `project_id` varchar(100) DEFAULT 'default',
  `name` varchar(100) NOT NULL,
  `icon` varchar(20) DEFAULT NULL,
  `color` varchar(20) DEFAULT NULL,
  `sort_order` int DEFAULT '0',
  PRIMARY KEY (`id`) /*T![clustered_index] CLUSTERED */
) ENGINE=InnoDB DEFAULT CHARSET=utf8mb4 COLLATE=utf8mb4_bin;

INSERT INTO `ap_categories` (`id`, `project_id`, `name`, `icon`, `color`, `sort_order`) VALUES ('atm', 'default', 'ATMs', 'dollar-sign', '#06b6d4', 8);
INSERT INTO `ap_categories` (`id`, `project_id`, `name`, `icon`, `color`, `sort_order`) VALUES ('baggage', 'default', 'Baggage Claim', 'briefcase', '#0d9488', 2);
INSERT INTO `ap_categories` (`id`, `project_id`, `name`, `icon`, `color`, `sort_order`) VALUES ('checkin', 'default', 'Check-in', 'file-text', '#6366f1', 1);
INSERT INTO `ap_categories` (`id`, `project_id`, `name`, `icon`, `color`, `sort_order`) VALUES ('escalator', 'default', 'Escalators', 'chevrons-up', '#6366f1', 11);
INSERT INTO `ap_categories` (`id`, `project_id`, `name`, `icon`, `color`, `sort_order`) VALUES ('gate', 'default', 'Gates', 'plane', '#0ea5e9', 0);
INSERT INTO `ap_categories` (`id`, `project_id`, `name`, `icon`, `color`, `sort_order`) VALUES ('lift', 'default', 'Lifts', 'arrow-up-down', '#6366f1', 10);
INSERT INTO `ap_categories` (`id`, `project_id`, `name`, `icon`, `color`, `sort_order`) VALUES ('lounge', 'default', 'Lounges', 'award', '#8b5cf6', 6);
INSERT INTO `ap_categories` (`id`, `project_id`, `name`, `icon`, `color`, `sort_order`) VALUES ('medical', 'default', 'Medical Center', 'activity', '#ef4444', 9);
INSERT INTO `ap_categories` (`id`, `project_id`, `name`, `icon`, `color`, `sort_order`) VALUES ('restaurant', 'default', 'Dining', 'coffee', '#10b981', 4);
INSERT INTO `ap_categories` (`id`, `project_id`, `name`, `icon`, `color`, `sort_order`) VALUES ('security', 'default', 'Security', 'shield', '#ec4899', 3);
INSERT INTO `ap_categories` (`id`, `project_id`, `name`, `icon`, `color`, `sort_order`) VALUES ('shopping', 'default', 'Shopping', 'shopping-bag', '#f59e0b', 5);
INSERT INTO `ap_categories` (`id`, `project_id`, `name`, `icon`, `color`, `sort_order`) VALUES ('washroom', 'default', 'Restrooms', 'user', '#64748b', 7);

-- ------------------------------------------------------
-- Table structure and data for ap_custom_routes
-- ------------------------------------------------------

DROP TABLE IF EXISTS `ap_custom_routes`;
CREATE TABLE `ap_custom_routes` (
  `id` varchar(200) NOT NULL,
  `project_id` varchar(100) DEFAULT 'default',
  `name` varchar(200) DEFAULT NULL,
  `node_ids` longtext DEFAULT NULL,
  `distance` float DEFAULT NULL,
  `created_at` timestamp DEFAULT CURRENT_TIMESTAMP,
  PRIMARY KEY (`id`) /*T![clustered_index] CLUSTERED */
) ENGINE=InnoDB DEFAULT CHARSET=utf8mb4 COLLATE=utf8mb4_bin;

SET FOREIGN_KEY_CHECKS = 1;
